Presentacion;almacenppal;compania
 GARRAFA 3.5 LT;FARMACIA;CLINICA SAN JUAN DE DIOS
CISTOFLO;FARMACIA;CLINICA SAN JUAN DE DIOS
125 GRAMOS;SUMINISTROS;CLINICA SAN JUAN DE DIOS
20 LITROS;SUMINISTROS;CLINICA SAN JUAN DE DIOS
250 GRAMOS;SUMINISTROS;CLINICA SAN JUAN DE DIOS
37.5 MG;FARMACIA;CLINICA SAN JUAN DE DIOS
AEROSOL;FARMACIA;CLINICA SAN JUAN DE DIOS
AEROSOL BUCAL;FARMACIA;CLINICA SAN JUAN DE DIOS
AEROSOL NASAL;FARMACIA;CLINICA SAN JUAN DE DIOS
AMPOLLA;FARMACIA;CLINICA SAN JUAN DE DIOS
ANTISEPTICO;FARMACIA;CLINICA SAN JUAN DE DIOS
ARROBA;SUMINISTROS;CLINICA SAN JUAN DE DIOS
ATADO;SUMINISTROS;CLINICA SAN JUAN DE DIOS
AZUL;FARMACIA;CLINICA SAN JUAN DE DIOS
BARRA;SUMINISTROS;CLINICA SAN JUAN DE DIOS
BIO SET;FARMACIA;CLINICA SAN JUAN DE DIOS
BLOQUE;SUMINISTROS;CLINICA SAN JUAN DE DIOS
BOLSA;SUMINISTROS;CLINICA SAN JUAN DE DIOS
BOLSA;FARMACIA;CLINICA SAN JUAN DE DIOS
BOTELLA;SUMINISTROS;CLINICA SAN JUAN DE DIOS
BULTO;SUMINISTROS;CLINICA SAN JUAN DE DIOS
C/B;FARMACIA;CLINICA SAN JUAN DE DIOS
CAJA;SUMINISTROS;CLINICA SAN JUAN DE DIOS
CAJA X 10;FARMACIA;CLINICA SAN JUAN DE DIOS
CAJA X 48;FARMACIA;CLINICA SAN JUAN DE DIOS
CANECA;SUMINISTROS;CLINICA SAN JUAN DE DIOS
CAPSULA;FARMACIA;CLINICA SAN JUAN DE DIOS
C&Aacute&PSULA;FARMACIA;CLINICA SAN JUAN DE DIOS
CAPSULA VAG;FARMACIA;CLINICA SAN JUAN DE DIOS
CILINDRO X 6.46 M3;FARMACIA;CLINICA SAN JUAN DE DIOS
COMPRIMIDO;FARMACIA;CLINICA SAN JUAN DE DIOS
COMPRIMIDO RECUBIERTO;FARMACIA;CLINICA SAN JUAN DE DIOS
COMPRIMIDOS;FARMACIA;CLINICA SAN JUAN DE DIOS
CREMA;FARMACIA;CLINICA SAN JUAN DE DIOS
CREMA HIDROSOLUBLE;FARMACIA;CLINICA SAN JUAN DE DIOS
CREMA TOPICA;FARMACIA;CLINICA SAN JUAN DE DIOS
CREMA VAG;FARMACIA;CLINICA SAN JUAN DE DIOS
CREMA VAGINAL;FARMACIA;CLINICA SAN JUAN DE DIOS
CU&Ntilde&ETE;SUMINISTROS;CLINICA SAN JUAN DE DIOS
DESECHABLE;FARMACIA;CLINICA SAN JUAN DE DIOS
EMULSION;FARMACIA;CLINICA SAN JUAN DE DIOS
ESPUMA;FARMACIA;CLINICA SAN JUAN DE DIOS
FRASCO;SUMINISTROS;CLINICA SAN JUAN DE DIOS
FRASCO;FARMACIA;CLINICA SAN JUAN DE DIOS
GALON;FARMACIA;CLINICA SAN JUAN DE DIOS
GALON;SUMINISTROS;CLINICA SAN JUAN DE DIOS
GAS;FARMACIA;CLINICA SAN JUAN DE DIOS
GEL;FARMACIA;CLINICA SAN JUAN DE DIOS
GOTAS;FARMACIA;CLINICA SAN JUAN DE DIOS
GOTAS OFTALMICAS;FARMACIA;CLINICA SAN JUAN DE DIOS
GRAGEA;FARMACIA;CLINICA SAN JUAN DE DIOS
GRAGEAS;FARMACIA;CLINICA SAN JUAN DE DIOS
GRANULADO;FARMACIA;CLINICA SAN JUAN DE DIOS
INHALADOR;FARMACIA;CLINICA SAN JUAN DE DIOS
JALEA URETRAL;FARMACIA;CLINICA SAN JUAN DE DIOS
JARABE;FARMACIA;CLINICA SAN JUAN DE DIOS
KILO;SUMINISTROS;CLINICA SAN JUAN DE DIOS
L&Aacute&PIZ;SUMINISTROS;CLINICA SAN JUAN DE DIOS
LATA;SUMINISTROS;CLINICA SAN JUAN DE DIOS
LIBRA;SUMINISTROS;CLINICA SAN JUAN DE DIOS
LIBRETA;SUMINISTROS;CLINICA SAN JUAN DE DIOS
LIQUIDO;FARMACIA;CLINICA SAN JUAN DE DIOS
LITRO;SUMINISTROS;CLINICA SAN JUAN DE DIOS
LOCI&Oacute&N;FARMACIA;CLINICA SAN JUAN DE DIOS
LOCION TOPICA;FARMACIA;CLINICA SAN JUAN DE DIOS
MATA;SUMINISTROS;CLINICA SAN JUAN DE DIOS
MATERIAL QIRURGICO;FARMACIA;CLINICA SAN JUAN DE DIOS
METRO;SUMINISTROS;CLINICA SAN JUAN DE DIOS
NASAL;FARMACIA;CLINICA SAN JUAN DE DIOS
NINGUNA;FARMACIA;CLINICA SAN JUAN DE DIOS
NO APLICA;FARMACIA;CLINICA SAN JUAN DE DIOS
OVULO;FARMACIA;CLINICA SAN JUAN DE DIOS
PAQUETE;SUMINISTROS;CLINICA SAN JUAN DE DIOS
PAQUETE;FARMACIA;CLINICA SAN JUAN DE DIOS
PAQUETE * 3 UNIDADES;FARMACIA;CLINICA SAN JUAN DE DIOS
PAQUETE X UN PAR;FARMACIA;CLINICA SAN JUAN DE DIOS
PAR;SUMINISTROS;CLINICA SAN JUAN DE DIOS
PARCHE;FARMACIA;CLINICA SAN JUAN DE DIOS
PARENTERAL;FARMACIA;CLINICA SAN JUAN DE DIOS
PLIEGO;SUMINISTROS;CLINICA SAN JUAN DE DIOS
POLVO;FARMACIA;CLINICA SAN JUAN DE DIOS
POLVO INYECTABLE;FARMACIA;CLINICA SAN JUAN DE DIOS
POLVO PARA RECONSTITUIR;FARMACIA;CLINICA SAN JUAN DE DIOS
POLVO PARA SUSPENSION INYECTABLE DE LIBERACION CONTROLADA;FARMACIA;CLINICA SAN JUAN DE DIOS
POMADA;FARMACIA;CLINICA SAN JUAN DE DIOS
POTE;SUMINISTROS;CLINICA SAN JUAN DE DIOS
RESMA;SUMINISTROS;CLINICA SAN JUAN DE DIOS
ROLLO;SUMINISTROS;CLINICA SAN JUAN DE DIOS
SHAMPU;FARMACIA;CLINICA SAN JUAN DE DIOS
SOBRES;FARMACIA;CLINICA SAN JUAN DE DIOS
SOLUCI&Oacute&N;FARMACIA;CLINICA SAN JUAN DE DIOS
SOLUCION INYECTABLE;FARMACIA;CLINICA SAN JUAN DE DIOS
SOLUCI&Oacute&N INYECTABLE;FARMACIA;CLINICA SAN JUAN DE DIOS
SOLUCI&Oacute&N INYECTABLE 500ML;FARMACIA;CLINICA SAN JUAN DE DIOS
SOLUCI&Oacute&N NASAL;FARMACIA;CLINICA SAN JUAN DE DIOS
SOLUCION OFTALMICA;FARMACIA;CLINICA SAN JUAN DE DIOS
SOLUCION OFT&Aacute&LMICA;FARMACIA;CLINICA SAN JUAN DE DIOS
SOLUCI&Oacute&N ORAL;FARMACIA;CLINICA SAN JUAN DE DIOS
SOLUCI&Oacute&N OTICA;FARMACIA;CLINICA SAN JUAN DE DIOS
SOLUCI&Oacute&N PARA INHALAR;FARMACIA;CLINICA SAN JUAN DE DIOS
SOLUCI&Oacute&N PARA NEBULIZAR;FARMACIA;CLINICA SAN JUAN DE DIOS
SOLUCI&Oacute&N PERORAL;FARMACIA;CLINICA SAN JUAN DE DIOS
SOLUCION RECTAL;FARMACIA;CLINICA SAN JUAN DE DIOS
SOLUCION TOPICA;FARMACIA;CLINICA SAN JUAN DE DIOS
SOLUCI&Oacute&N T&Oacute&PICA;FARMACIA;CLINICA SAN JUAN DE DIOS
SUPOSITORIO;FARMACIA;CLINICA SAN JUAN DE DIOS
SUSPENSION;FARMACIA;CLINICA SAN JUAN DE DIOS
SUSPENSI&Oacute&N INTRAARTICULAR;FARMACIA;CLINICA SAN JUAN DE DIOS
SUSPENSI&Oacute&N INYECTABLE;FARMACIA;CLINICA SAN JUAN DE DIOS
SUSPENSI&Oacute&N OFT&Aacute&LMICA;FARMACIA;CLINICA SAN JUAN DE DIOS
SUSPENSI&Oacute&N ORAL;FARMACIA;CLINICA SAN JUAN DE DIOS
SUSPENSION OTICA;FARMACIA;CLINICA SAN JUAN DE DIOS
TAB;FARMACIA;CLINICA SAN JUAN DE DIOS
TABLETA;FARMACIA;CLINICA SAN JUAN DE DIOS
TABLETA DE LIBERACION SOSTENIDA;FARMACIA;CLINICA SAN JUAN DE DIOS
TABLETA LIBERACION PROLONGADA;FARMACIA;CLINICA SAN JUAN DE DIOS
TABLETA SUBLINGUAL;FARMACIA;CLINICA SAN JUAN DE DIOS
TABLETA VAG;FARMACIA;CLINICA SAN JUAN DE DIOS
TABLETAS;FARMACIA;CLINICA SAN JUAN DE DIOS
TABLETAS VAGINALES;FARMACIA;CLINICA SAN JUAN DE DIOS
TARRO;SUMINISTROS;CLINICA SAN JUAN DE DIOS
TENSIOMETRO;FARMACIA;CLINICA SAN JUAN DE DIOS
TUBO;SUMINISTROS;CLINICA SAN JUAN DE DIOS
TUBOS;FARMACIA;CLINICA SAN JUAN DE DIOS
UNGUENTO;FARMACIA;CLINICA SAN JUAN DE DIOS
UNGUENTO OFTALMICO;FARMACIA;CLINICA SAN JUAN DE DIOS
UNGUENTO RECTAL;FARMACIA;CLINICA SAN JUAN DE DIOS
UNGUENTO TOPICO;FARMACIA;CLINICA SAN JUAN DE DIOS
UNIDAD;FARMACIA;CLINICA SAN JUAN DE DIOS
UNIDAD;SUMINISTROS;CLINICA SAN JUAN DE DIOS
UNIDAD ;FARMACIA;CLINICA SAN JUAN DE DIOS
UNIDADES;FARMACIA;CLINICA SAN JUAN DE DIOS
VASELINA PURA UNGUENTO TOPICO 100%;FARMACIA;CLINICA SAN JUAN DE DIOS
VOLTIOS;SUMINISTROS;CLINICA SAN JUAN DE DIOS
X 100;SUMINISTROS;CLINICA SAN JUAN DE DIOS
