compania;usuario;cc;anio
CLINICA SAN JUAN DE DIOS;USUARIOTMP;102;2014
CLINICA SAN JUAN DE DIOS;USUARIOTMP;110;2014
CLINICA SAN JUAN DE DIOS;USUARIOTMP;111;2014
CLINICA SAN JUAN DE DIOS;USUARIOTMP;112;2014
CLINICA SAN JUAN DE DIOS;USUARIOTMP;119;2014
CLINICA SAN JUAN DE DIOS;USUARIOTMP;120;2014
CLINICA SAN JUAN DE DIOS;USUARIOTMP;121;2014
CLINICA SAN JUAN DE DIOS;USUARIOTMP;122;2014
CLINICA SAN JUAN DE DIOS;USUARIOTMP;126;2014
CLINICA SAN JUAN DE DIOS;USUARIOTMP;127;2014
CLINICA SAN JUAN DE DIOS;USUARIOTMP;128;2014
CLINICA SAN JUAN DE DIOS;USUARIOTMP;131;2014
CLINICA SAN JUAN DE DIOS;USUARIOTMP;132;2014
CLINICA SAN JUAN DE DIOS;USUARIOTMP;135;2014
CLINICA SAN JUAN DE DIOS;USUARIOTMP;136;2014
CLINICA SAN JUAN DE DIOS;USUARIOTMP;137;2014
CLINICA SAN JUAN DE DIOS;USUARIOTMP;138;2014
CLINICA SAN JUAN DE DIOS;USUARIOTMP;191;2014
CLINICA SAN JUAN DE DIOS;USUARIOTMP;204;2014
CLINICA SAN JUAN DE DIOS;USUARIOTMP;206;2014
CLINICA SAN JUAN DE DIOS;USUARIOTMP;208;2014
CLINICA SAN JUAN DE DIOS;USUARIOTMP;212;2014
CLINICA SAN JUAN DE DIOS;USUARIOTMP;214;2014
CLINICA SAN JUAN DE DIOS;USUARIOTMP;224;2014
CLINICA SAN JUAN DE DIOS;USUARIOTMP;250;2014
CLINICA SAN JUAN DE DIOS;USUARIOTMP;254;2014
CLINICA SAN JUAN DE DIOS;USUARIOTMP;256;2014
CLINICA SAN JUAN DE DIOS;USUARIOTMP;257;2014
CLINICA SAN JUAN DE DIOS;USUARIOTMP;259;2014
CLINICA SAN JUAN DE DIOS;USUARIOTMP;261;2014
CLINICA SAN JUAN DE DIOS;USUARIOTMP;262;2014
CLINICA SAN JUAN DE DIOS;USUARIOTMP;302;2014
CLINICA SAN JUAN DE DIOS;USUARIOTMP;304;2014
CLINICA SAN JUAN DE DIOS;USUARIOTMP;306;2014
CLINICA SAN JUAN DE DIOS;USUARIOTMP;307;2014
CLINICA SAN JUAN DE DIOS;USUARIOTMP;309;2014
CLINICA SAN JUAN DE DIOS;USUARIOTMP;310;2014
CLINICA SAN JUAN DE DIOS;USUARIOTMP;311;2014
CLINICA SAN JUAN DE DIOS;USUARIOTMP;312;2014
CLINICA SAN JUAN DE DIOS;USUARIOTMP;320;2014
CLINICA SAN JUAN DE DIOS;USUARIOTMP;322;2014
CLINICA SAN JUAN DE DIOS;USUARIOTMP;323;2014
CLINICA SAN JUAN DE DIOS;USUARIOTMP;324;2014
CLINICA SAN JUAN DE DIOS;USUARIOTMP;360;2014
CLINICA SAN JUAN DE DIOS;USUARIOTMP;370;2014
CLINICA SAN JUAN DE DIOS;USUARIOTMP;380;2014
CLINICA SAN JUAN DE DIOS;USUARIOTMP;420;2014
CLINICA SAN JUAN DE DIOS;USUARIOTMP;430;2014
CLINICA SAN JUAN DE DIOS;USUARIOTMP;440;2014
CLINICA SAN JUAN DE DIOS;USUARIOTMP;470;2014
CLINICA SAN JUAN DE DIOS;USUARIOTMP;991;2014
