Compania;Presentacion
CLINICA SAN JUAN DE DIOS;25 SOBRES X 2,2 GRAMOS
CLINICA SAN JUAN DE DIOS;3 BARRAS X 10 TABLETAS
CLINICA SAN JUAN DE DIOS;4 X 5 YARDAS 
CLINICA SAN JUAN DE DIOS;40 G a 80 ML
CLINICA SAN JUAN DE DIOS;48 SOBRES X 10 ML
CLINICA SAN JUAN DE DIOS;6 BARRAS X 10 TABLETAS
CLINICA SAN JUAN DE DIOS;AMPOLLA
CLINICA SAN JUAN DE DIOS;AMPOLLA X 1 ML
CLINICA SAN JUAN DE DIOS;AMPOLLA X 10 ML
CLINICA SAN JUAN DE DIOS;AMPOLLA X 18 ML
CLINICA SAN JUAN DE DIOS;AMPOLLA X 2 ML
CLINICA SAN JUAN DE DIOS;AMPOLLA X 3 ML
CLINICA SAN JUAN DE DIOS;AMPOLLA X 5 ML
CLINICA SAN JUAN DE DIOS;AMPOLLETA X 5 ML
CLINICA SAN JUAN DE DIOS;BARRA X 10 TABLETAS
CLINICA SAN JUAN DE DIOS;BIO SET
CLINICA SAN JUAN DE DIOS;BLISTER X 1
CLINICA SAN JUAN DE DIOS;BLISTER X 10
CLINICA SAN JUAN DE DIOS;BLISTER X 14 CAPSULAS
CLINICA SAN JUAN DE DIOS;BLISTER X 2 CAPSULAS
CLINICA SAN JUAN DE DIOS;BLISTER X 2 TABLETAS
CLINICA SAN JUAN DE DIOS;BLISTER X 20
CLINICA SAN JUAN DE DIOS;BLISTER X 25 TABLETAS
CLINICA SAN JUAN DE DIOS;BLISTER X 28 CAPSULAS
CLINICA SAN JUAN DE DIOS;BLISTER X 3
CLINICA SAN JUAN DE DIOS;BLISTER X 48 CAPSULAS
CLINICA SAN JUAN DE DIOS;BLISTER X 5
CLINICA SAN JUAN DE DIOS;BLISTER X 6
CLINICA SAN JUAN DE DIOS;BLISTER X 7 CAPSULAS
CLINICA SAN JUAN DE DIOS;BLISTER X 8
CLINICA SAN JUAN DE DIOS;BOLSA X 10
CLINICA SAN JUAN DE DIOS;BOLSA X 100 ML
CLINICA SAN JUAN DE DIOS;BOLSA X 1000ML
CLINICA SAN JUAN DE DIOS;BOLSA X 133 ML
CLINICA SAN JUAN DE DIOS;BOLSA X 24
CLINICA SAN JUAN DE DIOS;BOLSA X 250 ML
CLINICA SAN JUAN DE DIOS;BOLSA X 36
CLINICA SAN JUAN DE DIOS;BOLSA X 500 ML
CLINICA SAN JUAN DE DIOS;BOLSA X 70 ML
CLINICA SAN JUAN DE DIOS;CAJA
CLINICA SAN JUAN DE DIOS;CAJA X 1
CLINICA SAN JUAN DE DIOS;CAJA X 1 AMPOLLA
CLINICA SAN JUAN DE DIOS;CAJA X 1 AMPOLLA DE VIDRIO COLOR AMBAR TIPO I X 1ML.
CLINICA SAN JUAN DE DIOS;CAJA X 1 AMPOLLA X 1 ML
CLINICA SAN JUAN DE DIOS;CAJA X 1 AMPOLLA X 100 ML
CLINICA SAN JUAN DE DIOS;CAJA X 1 AMPOLLA X 1ML
CLINICA SAN JUAN DE DIOS;CAJA X 1 AMPOLLETAS X 2 ML
CLINICA SAN JUAN DE DIOS;CAJA X 1 BLISTER X 12
CLINICA SAN JUAN DE DIOS;CAJA X 1 BLISTER X 7 CAPSULAS
CLINICA SAN JUAN DE DIOS;CAJA X 1 ENVASE X 200 INHALACIONES (10ML) + ADAPTADOR ORAL Y VALVULA DOSIFICADORA
CLINICA SAN JUAN DE DIOS;CAJA X 1 FRASCO AMPOLLA DE VIDRIO TIPO I X 3 GRAMOS
CLINICA SAN JUAN DE DIOS;CAJA X 1 FRASCO X 0.531 G DE POLVO
CLINICA SAN JUAN DE DIOS;CAJA X 1 FRASCO X 1 G DE POLVO
CLINICA SAN JUAN DE DIOS;CAJA X 1 JERINGA PRELLENADA 0, 5 ML DE SUSPENSION
CLINICA SAN JUAN DE DIOS;CAJA X 1 JERINGA PRELLENADAS POR 0, 8 ML C/U.
CLINICA SAN JUAN DE DIOS;CAJA X 1 JERINGA PRERELLENADA DE 0.4 ML
CLINICA SAN JUAN DE DIOS;CAJA X 10
CLINICA SAN JUAN DE DIOS;CAJA X 10 AMPOLLAS
CLINICA SAN JUAN DE DIOS;CAJA X 10 AMPOLLAS X  5ML
CLINICA SAN JUAN DE DIOS;CAJA X 10 AMPOLLAS X 1 ML
CLINICA SAN JUAN DE DIOS;CAJA X 10 AMPOLLETAS X 1 ML
CLINICA SAN JUAN DE DIOS;CAJA X 10 FRASCOS X 1 G DE POLVO
CLINICA SAN JUAN DE DIOS;CAJA X 10 FRASCOS X 3.5 G DE POLVO
CLINICA SAN JUAN DE DIOS;CAJA X 10 JERINGAS PRELLENADAS POR 0, 8 ML
CLINICA SAN JUAN DE DIOS;CAJA X 100
CLINICA SAN JUAN DE DIOS;CAJA X 100 AMPOLLAS
CLINICA SAN JUAN DE DIOS;CAJA X 100 AMPOLLAS X 1ML
CLINICA SAN JUAN DE DIOS;CAJA X 100 AMPOLLETAS X 1 ML
CLINICA SAN JUAN DE DIOS;CAJA X 100 AMPOLLETAS X 2 ML
CLINICA SAN JUAN DE DIOS;CAJA X 100 FRASCOS-AMPOLLA X 2.400.000 UI
CLINICA SAN JUAN DE DIOS;CAJA X 100 FRASCOS X 1 G DE POLVO
CLINICA SAN JUAN DE DIOS;CAJA X 100 FRASCOS X 3.5 G DE POLVO
CLINICA SAN JUAN DE DIOS;CAJA X 100 TABLETAS 
CLINICA SAN JUAN DE DIOS;CAJA X 100 VIALES FRASCO-AMPOLLA
CLINICA SAN JUAN DE DIOS;CAJA X 1000
CLINICA SAN JUAN DE DIOS;CAJA X 12
CLINICA SAN JUAN DE DIOS;CAJA X 12 AMPOLLAS
CLINICA SAN JUAN DE DIOS;CAJA X 1200
CLINICA SAN JUAN DE DIOS;CAJA X 1200 AMPOLLAS DE VIDRIO X 75MG/3ML DE DICLOFENACO.
CLINICA SAN JUAN DE DIOS;CAJA X 14
CLINICA SAN JUAN DE DIOS;CAJA X 15
CLINICA SAN JUAN DE DIOS;CAJA X 15 AMPOLLAS  X  5  ML
CLINICA SAN JUAN DE DIOS;CAJA X 150
CLINICA SAN JUAN DE DIOS;CAJA X 192
CLINICA SAN JUAN DE DIOS;CAJA X 2
CLINICA SAN JUAN DE DIOS;CAJA X 2 AMPOLLAS X 5  ML
CLINICA SAN JUAN DE DIOS;CAJA X 2 AMPOLLETAS X 2 ML
CLINICA SAN JUAN DE DIOS;CAJA X 2 BLISTER X 10 GRAGEAS
CLINICA SAN JUAN DE DIOS;CAJA X 2 BLISTER X 7 CAPSULAS
CLINICA SAN JUAN DE DIOS;CAJA X 2 FRASCOS AMPOLLA EN VIDRIO TIPO I X 3 GRAMOS
CLINICA SAN JUAN DE DIOS;CAJA X 2 JERINGAS
CLINICA SAN JUAN DE DIOS;CAJA X 20
CLINICA SAN JUAN DE DIOS;CAJA X 20 AMPOLLAS
CLINICA SAN JUAN DE DIOS;CAJA X 20 AMPOLLAS X 5  ML
CLINICA SAN JUAN DE DIOS;CAJA X 20 ML
CLINICA SAN JUAN DE DIOS;CAJA X 200
CLINICA SAN JUAN DE DIOS;CAJA X 210
CLINICA SAN JUAN DE DIOS;CAJA X 24
CLINICA SAN JUAN DE DIOS;CAJA X 24 TABLETAS
CLINICA SAN JUAN DE DIOS;CAJA X 25
CLINICA SAN JUAN DE DIOS;CAJA X 25  AMPOLLAS
CLINICA SAN JUAN DE DIOS;CAJA X 25 AMPOLLAS
CLINICA SAN JUAN DE DIOS;CAJA X 25 AMPOLLAS X 1 ML
CLINICA SAN JUAN DE DIOS;CAJA X 25 AMPOLLETAS X 1 ML
CLINICA SAN JUAN DE DIOS;CAJA X 250 CAPSULAS
CLINICA SAN JUAN DE DIOS;CAJA X 250 TABLETAS
CLINICA SAN JUAN DE DIOS;CAJA X 252
CLINICA SAN JUAN DE DIOS;CAJA X 28
CLINICA SAN JUAN DE DIOS;CAJA X 3
CLINICA SAN JUAN DE DIOS;CAJA X 3 AMPOLLAS
CLINICA SAN JUAN DE DIOS;CAJA X 3 AMPOLLAS DE VIDRIO COLOR AMBAR TIPO I X 1ML.
CLINICA SAN JUAN DE DIOS;CAJA X 3 AMPOLLETAS X 2 ML
CLINICA SAN JUAN DE DIOS;CAJA X 3 BLISTER X 10
CLINICA SAN JUAN DE DIOS;CAJA X 3 BLISTER X 7 CAPSULAS
CLINICA SAN JUAN DE DIOS;CAJA X 3 FRASCOS AMPOLLA EN VIDRIO TIPO I X 3 GRAMOS
CLINICA SAN JUAN DE DIOS;CAJA X 30
CLINICA SAN JUAN DE DIOS;CAJA X 30 BLISTER X 7 CAPSULAS
CLINICA SAN JUAN DE DIOS;CAJA X 300
CLINICA SAN JUAN DE DIOS;CAJA X 300 TABLETAS
CLINICA SAN JUAN DE DIOS;CAJA X 4
CLINICA SAN JUAN DE DIOS;CAJA X 4 AMPOLLAS  X  5   ML
CLINICA SAN JUAN DE DIOS;CAJA X 4 BLISTER X 7 CAPSULAS
CLINICA SAN JUAN DE DIOS;CAJA X 40
CLINICA SAN JUAN DE DIOS;CAJA X 48
CLINICA SAN JUAN DE DIOS;CAJA X 5
CLINICA SAN JUAN DE DIOS;CAJA X 5 AMPOLLAS
CLINICA SAN JUAN DE DIOS;CAJA X 5 AMPOLLAS  X  5  ML
CLINICA SAN JUAN DE DIOS;CAJA X 5 AMPOLLAS DE 15 MG/3 ML
CLINICA SAN JUAN DE DIOS;CAJA X 5 AMPOLLAS DE VIDRIO COLOR AMBAR TIPO I X 1ML.
CLINICA SAN JUAN DE DIOS;CAJA X 5 AMPOLLAS X 1ML
CLINICA SAN JUAN DE DIOS;CAJA X 5 AMPOLLAS X 75MG/3ML
CLINICA SAN JUAN DE DIOS;CAJA X 5 BLISTER X 10
CLINICA SAN JUAN DE DIOS;CAJA X 5 FRASCOS AMPOLLA EN VIDRIO TIPO I X 3 GRAMOS
CLINICA SAN JUAN DE DIOS;CAJA X 50
CLINICA SAN JUAN DE DIOS;CAJA X 50 AMPOLLAS
CLINICA SAN JUAN DE DIOS;CAJA X 50 FRASCOS-AMPOLLA X 2.400.000 UI
CLINICA SAN JUAN DE DIOS;CAJA X 50 FRASCOS X 1 G DE POLVO
CLINICA SAN JUAN DE DIOS;CAJA X 50 FRASCOS X 3.5 G DE POLVO
CLINICA SAN JUAN DE DIOS;CAJA X 500 AMPOLLAS
CLINICA SAN JUAN DE DIOS;CAJA X 6
CLINICA SAN JUAN DE DIOS;CAJA X 60
CLINICA SAN JUAN DE DIOS;CAJA X 600
CLINICA SAN JUAN DE DIOS;CAJA X 7
CLINICA SAN JUAN DE DIOS;CAJA X 7 CAPSULAS
CLINICA SAN JUAN DE DIOS;CAJA X 72 TABLETAS
CLINICA SAN JUAN DE DIOS;CAJA X 8
CLINICA SAN JUAN DE DIOS;CAJA X 8 TABLETAS
CLINICA SAN JUAN DE DIOS;CAJA X 8 TABLETAS EN BLISTER PVC/ALUMINIO
CLINICA SAN JUAN DE DIOS;CAJA X 8 TABLETAS EN BLISTER PVC/ALUMINIO EMPACADO EN BOLSA INDIVIDUAL CADA BLISTER.
CLINICA SAN JUAN DE DIOS;CAJA X 80
CLINICA SAN JUAN DE DIOS;CAJA X 84
CLINICA SAN JUAN DE DIOS;CAJA X 88
CLINICA SAN JUAN DE DIOS;CAJA X 88 CAPSULAS EN BLISRTER DE ALUMINIO-PVDC
CLINICA SAN JUAN DE DIOS;CAJA X 90
CLINICA SAN JUAN DE DIOS;CAJA X 900
CLINICA SAN JUAN DE DIOS;CAJA X 96
CLINICA SAN JUAN DE DIOS;CAJA X 98
CLINICA SAN JUAN DE DIOS;CAJA X 980
CLINICA SAN JUAN DE DIOS;CAJA X10
CLINICA SAN JUAN DE DIOS;CAJA X10 TABLETAS EN BLISTER Y BOLSA.
CLINICA SAN JUAN DE DIOS;CAJA X10 TABLETAS EN SISTEMA BLISTER ALUMINIO/PVC.
CLINICA SAN JUAN DE DIOS;CAJAS X 2
CLINICA SAN JUAN DE DIOS;CARTERILLA X 1 SOBRE X 12 ML
CLINICA SAN JUAN DE DIOS;CHALVER
CLINICA SAN JUAN DE DIOS;CILINDRO X 6.46 M3
CLINICA SAN JUAN DE DIOS;COJIN X 12 ML
CLINICA SAN JUAN DE DIOS;CONTENEDOR X 200 DOSIS
CLINICA SAN JUAN DE DIOS;DIPOSITIVO QUIRURGICO
CLINICA SAN JUAN DE DIOS;DISPENSADOR CON 12 FRASCOS X 15 ML
CLINICA SAN JUAN DE DIOS;DISPENSADOR X 100 JERINGAS PRELLENADAS X 0.2 ML
CLINICA SAN JUAN DE DIOS;DISPENSADOR X 45 JERINGAS PRELLENADAS X 0.2 ML
CLINICA SAN JUAN DE DIOS;DISPENSADOR X 90 JERINGAS PRELLENADAS X 0.2 ML
CLINICA SAN JUAN DE DIOS;DISPLAY X 6 SOBRES X 3.385 G
CLINICA SAN JUAN DE DIOS;ENVASE X 100 TABETAS
CLINICA SAN JUAN DE DIOS;ENVASE X 150 TABETAS
CLINICA SAN JUAN DE DIOS;ENVASE X 30 TABETAS
CLINICA SAN JUAN DE DIOS;ENVASE X 60 TABETAS
CLINICA SAN JUAN DE DIOS;ESTUCHE X 1 VIAL X 5 ML
CLINICA SAN JUAN DE DIOS;ESTUCHE X 10 CARTUCHOS
CLINICA SAN JUAN DE DIOS;ESTUCHE X 10 JERINGAS
CLINICA SAN JUAN DE DIOS;ESTUCHE X 10 SOBRES X 2 G
CLINICA SAN JUAN DE DIOS;ESTUCHE X 100 SOBRES X 2 G
CLINICA SAN JUAN DE DIOS;ESTUCHE X 100 TUBOS
CLINICA SAN JUAN DE DIOS;ESTUCHE X 15 SOBRES X 2 G
CLINICA SAN JUAN DE DIOS;ESTUCHE X 2 CARTUCHOS
CLINICA SAN JUAN DE DIOS;ESTUCHE X 2 JERINGAS
CLINICA SAN JUAN DE DIOS;ESTUCHE X 20 SOBRES X 2 G
CLINICA SAN JUAN DE DIOS;ESTUCHE X 30 SOBRES X 2 G
CLINICA SAN JUAN DE DIOS;ESTUCHE X 50 TUBOS
CLINICA SAN JUAN DE DIOS;ESTUCHE X 60 VIALES X 10ML
CLINICA SAN JUAN DE DIOS;ESTUCHE X 7 CARTUCHOS
CLINICA SAN JUAN DE DIOS;FRASCO
CLINICA SAN JUAN DE DIOS;FRASCO AMPOLLA X 1G
CLINICA SAN JUAN DE DIOS;FRASCO GOTERO DE POLIETILENO DE BAJA DENSIDAD POR 15 ML.
CLINICA SAN JUAN DE DIOS;FRASCO GOTERO PLASTICO (POLIETILENO DE BAJA DENSIDAD) POR 5 ML
CLINICA SAN JUAN DE DIOS;FRASCO GOTERO PLASTICO X 5 ML 
CLINICA SAN JUAN DE DIOS;FRASCO GOTERO PLASTICO X 6 ML
CLINICA SAN JUAN DE DIOS;FRASCO GOTERO X 15 ML
CLINICA SAN JUAN DE DIOS;FRASCO GOTERO X 15 ML 
CLINICA SAN JUAN DE DIOS;FRASCO GOTERO X 2 5 ML
CLINICA SAN JUAN DE DIOS;FRASCO GOTERO X 40 ML
CLINICA SAN JUAN DE DIOS;FRASCO GOTERO X 5 ML
CLINICA SAN JUAN DE DIOS;FRASCO GOTERO X 5 ML 
CLINICA SAN JUAN DE DIOS;FRASCO GOTERO X 6 ML
CLINICA SAN JUAN DE DIOS;FRASCO PASTILLERO X  60 TABLETAS
CLINICA SAN JUAN DE DIOS;FRASCO PASTILLERO X 100 TABLETAS
CLINICA SAN JUAN DE DIOS;FRASCO PASTILLERO X 25 TABLETAS
CLINICA SAN JUAN DE DIOS;FRASCO PASTILLERO X 45 TABLETAS
CLINICA SAN JUAN DE DIOS;FRASCO PASTILLERO X 90 TABLETAS
CLINICA SAN JUAN DE DIOS;FRASCO PEAD CON TAPA ALLUSUD CON LINNER X 120 ML
CLINICA SAN JUAN DE DIOS;FRASCO PEAD CON TAPA EN POLIPROPILENO X 60 ML
CLINICA SAN JUAN DE DIOS;FRASCO X 1 G
CLINICA SAN JUAN DE DIOS;FRASCO X 10 CAPSULAS
CLINICA SAN JUAN DE DIOS;FRASCO X 10 G
CLINICA SAN JUAN DE DIOS;FRASCO X 10 ML
CLINICA SAN JUAN DE DIOS;FRASCO X 10 TABLETAS
CLINICA SAN JUAN DE DIOS;FRASCO X 100
CLINICA SAN JUAN DE DIOS;FRASCO X 100 CAPSULAS
CLINICA SAN JUAN DE DIOS;FRASCO X 100 CAPSULAS 
CLINICA SAN JUAN DE DIOS;FRASCO X 100 G
CLINICA SAN JUAN DE DIOS;FRASCO X 100 TABLETAS
CLINICA SAN JUAN DE DIOS;FRASCO X 100 TABLETAS 
CLINICA SAN JUAN DE DIOS;FRASCO X 100 UNIDADES
CLINICA SAN JUAN DE DIOS;FRASCO X 1000 G 
CLINICA SAN JUAN DE DIOS;FRASCO X 115 ML
CLINICA SAN JUAN DE DIOS;FRASCO X 120
CLINICA SAN JUAN DE DIOS;FRASCO X 120 CAPSULAS
CLINICA SAN JUAN DE DIOS;FRASCO X 120 G
CLINICA SAN JUAN DE DIOS;FRASCO X 120 ML
CLINICA SAN JUAN DE DIOS;FRASCO X 120 TABLETAS
CLINICA SAN JUAN DE DIOS;FRASCO X 13 ML
CLINICA SAN JUAN DE DIOS;FRASCO X 133 ML
CLINICA SAN JUAN DE DIOS;FRASCO X 14 CAPSULAS
CLINICA SAN JUAN DE DIOS;FRASCO X 14 TABLETAS
CLINICA SAN JUAN DE DIOS;FRASCO X 15 CAPSULAS
CLINICA SAN JUAN DE DIOS;FRASCO X 15 MG
CLINICA SAN JUAN DE DIOS;FRASCO X 15 ML
CLINICA SAN JUAN DE DIOS;FRASCO X 150 TABLETAS
CLINICA SAN JUAN DE DIOS;FRASCO X 15G
CLINICA SAN JUAN DE DIOS;FRASCO X 180 ML
CLINICA SAN JUAN DE DIOS;FRASCO X 180 ML 
CLINICA SAN JUAN DE DIOS;FRASCO X 20 CAPSULAS
CLINICA SAN JUAN DE DIOS;FRASCO X 20 CAPSULAS 
CLINICA SAN JUAN DE DIOS;FRASCO X 20 G DE POLVO PARA RECONSTITUIR A 45 ML
CLINICA SAN JUAN DE DIOS;FRASCO X 20 ML
CLINICA SAN JUAN DE DIOS;FRASCO X 20 TABLETAS
CLINICA SAN JUAN DE DIOS;FRASCO X 200 G
CLINICA SAN JUAN DE DIOS;FRASCO X 200 ML
CLINICA SAN JUAN DE DIOS;FRASCO X 200 ML 
CLINICA SAN JUAN DE DIOS;FRASCO X 200 TABLETAS
CLINICA SAN JUAN DE DIOS;FRASCO X 22,5 G DE POLVO PARA RECONSTITUIR A 45 ML
CLINICA SAN JUAN DE DIOS;FRASCO X 22,5 G DE POLVO PARA RECOSTITUIR A 45 ML
CLINICA SAN JUAN DE DIOS;FRASCO X 22,5 G DE POLVO PARA RECOSTITUIR A 45ML
CLINICA SAN JUAN DE DIOS;FRASCO X 24
CLINICA SAN JUAN DE DIOS;FRASCO X 24 GRAGEAS
CLINICA SAN JUAN DE DIOS;FRASCO X 24 TABLETAS
CLINICA SAN JUAN DE DIOS;FRASCO X 240 ML
CLINICA SAN JUAN DE DIOS;FRASCO X 240 ML 
CLINICA SAN JUAN DE DIOS;FRASCO X 25 TABLETAS
CLINICA SAN JUAN DE DIOS;FRASCO X 250 ML
CLINICA SAN JUAN DE DIOS;FRASCO X 30 CAPSULAS
CLINICA SAN JUAN DE DIOS;FRASCO X 30 CAPSULAS 
CLINICA SAN JUAN DE DIOS;FRASCO X 30 G
CLINICA SAN JUAN DE DIOS;FRASCO X 30 ML
CLINICA SAN JUAN DE DIOS;FRASCO X 30 TABLETAS
CLINICA SAN JUAN DE DIOS;FRASCO X 30G
CLINICA SAN JUAN DE DIOS;FRASCO X 350 ML
CLINICA SAN JUAN DE DIOS;FRASCO X 36 TABLETAS
CLINICA SAN JUAN DE DIOS;FRASCO X 360 ML
CLINICA SAN JUAN DE DIOS;FRASCO X 360 ML 
CLINICA SAN JUAN DE DIOS;FRASCO X 360ML
CLINICA SAN JUAN DE DIOS;FRASCO X 375 G
CLINICA SAN JUAN DE DIOS;FRASCO X 40 CAPSULAS
CLINICA SAN JUAN DE DIOS;FRASCO X 40 CARTUCHOS X 1,8 ML
CLINICA SAN JUAN DE DIOS;FRASCO X 40 G DE POLVO PARA RECONSTITUIR A 80 ML
CLINICA SAN JUAN DE DIOS;FRASCO X 40 TABLETAS
CLINICA SAN JUAN DE DIOS;FRASCO X 400 G 
CLINICA SAN JUAN DE DIOS;FRASCO X 400 ML
CLINICA SAN JUAN DE DIOS;FRASCO X 400 ML 
CLINICA SAN JUAN DE DIOS;FRASCO X 45 ML
CLINICA SAN JUAN DE DIOS;FRASCO X 45 ML 
CLINICA SAN JUAN DE DIOS;FRASCO X 47,5 G 
CLINICA SAN JUAN DE DIOS;FRASCO X 5 ML
CLINICA SAN JUAN DE DIOS;FRASCO X 5 ML 
CLINICA SAN JUAN DE DIOS;FRASCO X 50  ML 
CLINICA SAN JUAN DE DIOS;FRASCO X 50 CAPSULAS
CLINICA SAN JUAN DE DIOS;FRASCO X 50 CAPSULAS 
CLINICA SAN JUAN DE DIOS;FRASCO X 50 CAPSULAS DE 1,8 ML
CLINICA SAN JUAN DE DIOS;FRASCO X 50 G 
CLINICA SAN JUAN DE DIOS;FRASCO X 50 ML
CLINICA SAN JUAN DE DIOS;FRASCO X 50 TABLETAS
CLINICA SAN JUAN DE DIOS;FRASCO X 500 MG
CLINICA SAN JUAN DE DIOS;FRASCO X 500 ML
CLINICA SAN JUAN DE DIOS;FRASCO X 500 ML 
CLINICA SAN JUAN DE DIOS;FRASCO X 6 ML 
CLINICA SAN JUAN DE DIOS;FRASCO X 60
CLINICA SAN JUAN DE DIOS;FRASCO X 60 CAPSULAS
CLINICA SAN JUAN DE DIOS;FRASCO X 60 CAPSULAS 
CLINICA SAN JUAN DE DIOS;FRASCO X 60 G
CLINICA SAN JUAN DE DIOS;FRASCO X 60 ML
CLINICA SAN JUAN DE DIOS;FRASCO X 60 TABLETAS
CLINICA SAN JUAN DE DIOS;FRASCO X 60G
CLINICA SAN JUAN DE DIOS;FRASCO X 70 ML
CLINICA SAN JUAN DE DIOS;FRASCO X 700ML
CLINICA SAN JUAN DE DIOS;FRASCO X 75 ML 
CLINICA SAN JUAN DE DIOS;FRASCO X 8 CAPSULAS
CLINICA SAN JUAN DE DIOS;FRASCO X 80 CAPSULAS
CLINICA SAN JUAN DE DIOS;FRASCO X 80 G
CLINICA SAN JUAN DE DIOS;FRASCO X 80 G 
CLINICA SAN JUAN DE DIOS;FRASCO X 80 ML
CLINICA SAN JUAN DE DIOS;FRASCO X 80 ML 
CLINICA SAN JUAN DE DIOS;FRASCO X 90 ML
CLINICA SAN JUAN DE DIOS;FRASCO X 90 TABLETAS
CLINICA SAN JUAN DE DIOS;FRASCO X POR 200 TABLETAS
CLINICA SAN JUAN DE DIOS;FRASCO X120 ML
CLINICA SAN JUAN DE DIOS;FRASCO X180 ML
CLINICA SAN JUAN DE DIOS;FRASCO X45 ML
CLINICA SAN JUAN DE DIOS;FRASCO X60 ML
CLINICA SAN JUAN DE DIOS;GALON x 1000 CC
CLINICA SAN JUAN DE DIOS;GARRAFA X 3.5 LT
CLINICA SAN JUAN DE DIOS;Gaseoso
CLINICA SAN JUAN DE DIOS;GOTERO X 10 ML
CLINICA SAN JUAN DE DIOS;GOTERO X 15 ML
CLINICA SAN JUAN DE DIOS;GOTERO X 25 ML
CLINICA SAN JUAN DE DIOS;GOTERO X 5 ML
CLINICA SAN JUAN DE DIOS;KIT X 6 X 100 MG + TUBO CREMA AL 1% DE 20 G
CLINICA SAN JUAN DE DIOS;LATA X  400 G
CLINICA SAN JUAN DE DIOS;NA
CLINICA SAN JUAN DE DIOS;PAQUETE
CLINICA SAN JUAN DE DIOS;PLEGADIZA X 10 TABLETAS
CLINICA SAN JUAN DE DIOS;POLIETILENO DE BAJA DENSIDAD X 10 ML
CLINICA SAN JUAN DE DIOS;POLIETILENO DE BAJA DENSIDAD X 100 ML
CLINICA SAN JUAN DE DIOS;POLIETILENO DE BAJA DENSIDAD X 120 ML
CLINICA SAN JUAN DE DIOS;POLIETILENO DE BAJA DENSIDAD X 50 ML
CLINICA SAN JUAN DE DIOS;POLIETILENO DE BAJA DENSIDAD X 60 ML
CLINICA SAN JUAN DE DIOS;PORTA SOBRE X 1 CAPSULA
CLINICA SAN JUAN DE DIOS;POTE DE PP/POLIESTIRENO, LINER DE PEBD Y TAPA BLANCA DE POLIESTIRENO, POR 60 G. DE CREMA.
CLINICA SAN JUAN DE DIOS;ROLLO
CLINICA SAN JUAN DE DIOS;SACHET X 10 ML
CLINICA SAN JUAN DE DIOS;SACHET X 12 ML
CLINICA SAN JUAN DE DIOS;SACHET X 15 CAPSULAS
CLINICA SAN JUAN DE DIOS;SACHET X 15 ML
CLINICA SAN JUAN DE DIOS;SACHET X 20 ML
CLINICA SAN JUAN DE DIOS;SACHET X 4 ML
CLINICA SAN JUAN DE DIOS;SACHET X 8 ML
CLINICA SAN JUAN DE DIOS;SOBRE X 10 TABLETAS
CLINICA SAN JUAN DE DIOS;SOBRE X 12 TABLETAS
CLINICA SAN JUAN DE DIOS;SOBRE X 2 G
CLINICA SAN JUAN DE DIOS;SOBRE X 2 TABLETAS
CLINICA SAN JUAN DE DIOS;SOBRE X 3.385 G
CLINICA SAN JUAN DE DIOS;SOBRE X 4 TABLETAS
CLINICA SAN JUAN DE DIOS;TERMOENCOGIBLE X 45 GAUGES X 120 ML
CLINICA SAN JUAN DE DIOS;TERMOENCOGIBLE X 45 GAUGES X 400 ML
CLINICA SAN JUAN DE DIOS;TERMOENCOGIBLE X 45 GAUGES X 60 ML
CLINICA SAN JUAN DE DIOS;TIRA X 10 TABLETAS
CLINICA SAN JUAN DE DIOS;TUBO  X 15 G
CLINICA SAN JUAN DE DIOS;TUBO DE ALUMINIO POR 30 ML
CLINICA SAN JUAN DE DIOS;TUBO HOSPITALARIO SURTIDO
CLINICA SAN JUAN DE DIOS;TUBO X  5 G
CLINICA SAN JUAN DE DIOS;TUBO X 10 G
CLINICA SAN JUAN DE DIOS;TUBO X 14 G
CLINICA SAN JUAN DE DIOS;TUBO X 15 G
CLINICA SAN JUAN DE DIOS;TUBO X 150 G
CLINICA SAN JUAN DE DIOS;TUBO X 20 G
CLINICA SAN JUAN DE DIOS;TUBO X 200 G
CLINICA SAN JUAN DE DIOS;TUBO X 25 G
CLINICA SAN JUAN DE DIOS;TUBO X 30 G
CLINICA SAN JUAN DE DIOS;TUBO X 30 ML
CLINICA SAN JUAN DE DIOS;TUBO X 40 G
CLINICA SAN JUAN DE DIOS;TUBO X 40 MG
CLINICA SAN JUAN DE DIOS;TUBO X 400 G
CLINICA SAN JUAN DE DIOS;TUBO X 5 G
CLINICA SAN JUAN DE DIOS;TUBO X 50 G
CLINICA SAN JUAN DE DIOS;TUBO X 50 ML
CLINICA SAN JUAN DE DIOS;TUBO X 6 CAPSULAS
CLINICA SAN JUAN DE DIOS;TUBO X 60 G
CLINICA SAN JUAN DE DIOS;VIAL DE VIDRIO TIPO I
CLINICA SAN JUAN DE DIOS;VIAL X 20 ML
CLINICA SAN JUAN DE DIOS;VIAL X 5 ML
