Autoid;CUP;Valor;Compania
2001;905702;12480;CLINICA SAN JUAN DE DIOS
2001;906401;42305;CLINICA SAN JUAN DE DIOS
2001;903103;10250;CLINICA SAN JUAN DE DIOS
2001;903104;18505;CLINICA SAN JUAN DE DIOS
2001;903105;23185;CLINICA SAN JUAN DE DIOS
2001;903106;68385;CLINICA SAN JUAN DE DIOS
2001;903107;7195;CLINICA SAN JUAN DE DIOS
2001;903109;33035;CLINICA SAN JUAN DE DIOS
2001;903110;32680;CLINICA SAN JUAN DE DIOS
2001;903111;18875;CLINICA SAN JUAN DE DIOS
2001;908002;19980;CLINICA SAN JUAN DE DIOS
2001;903112;26160;CLINICA SAN JUAN DE DIOS
2001;906601;13680;CLINICA SAN JUAN DE DIOS
2001;E19014;7710;CLINICA SAN JUAN DE DIOS
2001;903801;3315;CLINICA SAN JUAN DE DIOS
2001;903802;3345;CLINICA SAN JUAN DE DIOS
2001;905201;22105;CLINICA SAN JUAN DE DIOS
2001;905202;19100;CLINICA SAN JUAN DE DIOS
2001;903113;13240;CLINICA SAN JUAN DE DIOS
2001;903101;17515;CLINICA SAN JUAN DE DIOS
2001;908701;153685;CLINICA SAN JUAN DE DIOS
2001;908001;51020;CLINICA SAN JUAN DE DIOS
2001;901201;30720;CLINICA SAN JUAN DE DIOS
2001;906101;30720;CLINICA SAN JUAN DE DIOS
2001;903401;5105;CLINICA SAN JUAN DE DIOS
2001;906203;20835;CLINICA SAN JUAN DE DIOS
2001;906901;4635;CLINICA SAN JUAN DE DIOS
2001;902002;7810;CLINICA SAN JUAN DE DIOS
2001;902003;56135;CLINICA SAN JUAN DE DIOS
2001;903803;2980;CLINICA SAN JUAN DE DIOS
2001;903804;3005;CLINICA SAN JUAN DE DIOS
2001;905704;14425;CLINICA SAN JUAN DE DIOS
2001;905706;12260;CLINICA SAN JUAN DE DIOS
2001;905707;12260;CLINICA SAN JUAN DE DIOS
2001;903402;6885;CLINICA SAN JUAN DE DIOS
2001;904801;27440;CLINICA SAN JUAN DE DIOS
2001;904802;27440;CLINICA SAN JUAN DE DIOS
2001;903403;22770;CLINICA SAN JUAN DE DIOS
2001;903404;32680;CLINICA SAN JUAN DE DIOS
2001;903405;8155;CLINICA SAN JUAN DE DIOS
2001;903406;32680;CLINICA SAN JUAN DE DIOS
2001;903407;24645;CLINICA SAN JUAN DE DIOS
2001;E19051;9030;CLINICA SAN JUAN DE DIOS
2001;903001;7320;CLINICA SAN JUAN DE DIOS
2001;903002;31585;CLINICA SAN JUAN DE DIOS
2001;906602;42605;CLINICA SAN JUAN DE DIOS
2001;905403;7810;CLINICA SAN JUAN DE DIOS
2001;903805;6195;CLINICA SAN JUAN DE DIOS
2001;903806;5945;CLINICA SAN JUAN DE DIOS
2001;908103;5440;CLINICA SAN JUAN DE DIOS
2001;908104;5525;CLINICA SAN JUAN DE DIOS
2001;908105;5525;CLINICA SAN JUAN DE DIOS
2001;908106;5440;CLINICA SAN JUAN DE DIOS
2001;908101;19670;CLINICA SAN JUAN DE DIOS
2001;908102;19670;CLINICA SAN JUAN DE DIOS
2001;903602;9230;CLINICA SAN JUAN DE DIOS
2001;A32402;15625;CLINICA SAN JUAN DE DIOS
2001;A32401;10120;CLINICA SAN JUAN DE DIOS
2001;904803;36580;CLINICA SAN JUAN DE DIOS
2001;904501;23785;CLINICA SAN JUAN DE DIOS
2001;904502;30355;CLINICA SAN JUAN DE DIOS
2001;905302;18830;CLINICA SAN JUAN DE DIOS
2001;904001;37565;CLINICA SAN JUAN DE DIOS
2001;901001;9995;CLINICA SAN JUAN DE DIOS
2001;901002;16410;CLINICA SAN JUAN DE DIOS
2001;901003;16410;CLINICA SAN JUAN DE DIOS
2001;902004;18665;CLINICA SAN JUAN DE DIOS
2001;902005;66260;CLINICA SAN JUAN DE DIOS
2001;906903;5865;CLINICA SAN JUAN DE DIOS
2001;911004;33130;CLINICA SAN JUAN DE DIOS
2001;911005;33130;CLINICA SAN JUAN DE DIOS
2001;906406;56330;CLINICA SAN JUAN DE DIOS
2001;905304;28245;CLINICA SAN JUAN DE DIOS
2001;906001;29625;CLINICA SAN JUAN DE DIOS
2001;906002;5890;CLINICA SAN JUAN DE DIOS
2001;906603;27215;CLINICA SAN JUAN DE DIOS
2001;906604;42605;CLINICA SAN JUAN DE DIOS
2001;906605;42605;CLINICA SAN JUAN DE DIOS
2001;906606;42605;CLINICA SAN JUAN DE DIOS
2001;906610;42605;CLINICA SAN JUAN DE DIOS
2001;906611;42605;CLINICA SAN JUAN DE DIOS
2001;906612;71940;CLINICA SAN JUAN DE DIOS
2001;906613;58855;CLINICA SAN JUAN DE DIOS
2001;906303;44550;CLINICA SAN JUAN DE DIOS
2001;906304;16050;CLINICA SAN JUAN DE DIOS
2001;902006;44500;CLINICA SAN JUAN DE DIOS
2001;902007;44500;CLINICA SAN JUAN DE DIOS
2001;902008;16095;CLINICA SAN JUAN DE DIOS
2001;902009;32680;CLINICA SAN JUAN DE DIOS
2001;903411;17145;CLINICA SAN JUAN DE DIOS
2001;903412;17580;CLINICA SAN JUAN DE DIOS
2001;906305;32230;CLINICA SAN JUAN DE DIOS
2001;908702;35385;CLINICA SAN JUAN DE DIOS
2001;908703;23990;CLINICA SAN JUAN DE DIOS
2001;905709;10760;CLINICA SAN JUAN DE DIOS
2001;906102;45585;CLINICA SAN JUAN DE DIOS
2001;905711;14425;CLINICA SAN JUAN DE DIOS
2001;908201;15635;CLINICA SAN JUAN DE DIOS
2001;907001;3415;CLINICA SAN JUAN DE DIOS
2001;903808;10900;CLINICA SAN JUAN DE DIOS
2001;905204;11620;CLINICA SAN JUAN DE DIOS
2001;905306;21150;CLINICA SAN JUAN DE DIOS
2001;E19163;13380;CLINICA SAN JUAN DE DIOS
2001;906620;28395;CLINICA SAN JUAN DE DIOS
2001;908503;36900;CLINICA SAN JUAN DE DIOS
2001;908704;36900;CLINICA SAN JUAN DE DIOS
2001;901301;9250;CLINICA SAN JUAN DE DIOS
2001;903809;5025;CLINICA SAN JUAN DE DIOS
2001;905713;12920;CLINICA SAN JUAN DE DIOS
2001;906103;45585;CLINICA SAN JUAN DE DIOS
2001;906306;32695;CLINICA SAN JUAN DE DIOS
2001;901202;30720;CLINICA SAN JUAN DE DIOS
2001;906008;27350;CLINICA SAN JUAN DE DIOS
2001;906010;7375;CLINICA SAN JUAN DE DIOS
2001;901203;30720;CLINICA SAN JUAN DE DIOS
2001;906012;16015;CLINICA SAN JUAN DE DIOS
2001;906013;26515;CLINICA SAN JUAN DE DIOS
2001;905715;13030;CLINICA SAN JUAN DE DIOS
2001;903603;20835;CLINICA SAN JUAN DE DIOS
2001;903811;3310;CLINICA SAN JUAN DE DIOS
2001;903604;32695;CLINICA SAN JUAN DE DIOS
2001;903810;3450;CLINICA SAN JUAN DE DIOS
2001;906621;33570;CLINICA SAN JUAN DE DIOS
2001;903004;7645;CLINICA SAN JUAN DE DIOS
2001;903005;7645;CLINICA SAN JUAN DE DIOS
2001;906802;12540;CLINICA SAN JUAN DE DIOS
2001;906015;45780;CLINICA SAN JUAN DE DIOS
2001;905717;14425;CLINICA SAN JUAN DE DIOS
2001;903812;13205;CLINICA SAN JUAN DE DIOS
2001;905718;28340;CLINICA SAN JUAN DE DIOS
2001;905719;28340;CLINICA SAN JUAN DE DIOS
2001;905207;20505;CLINICA SAN JUAN DE DIOS
2001;908202;15200;CLINICA SAN JUAN DE DIOS
2001;908203;10420;CLINICA SAN JUAN DE DIOS
2001;906408;32225;CLINICA SAN JUAN DE DIOS
2001;906409;32285;CLINICA SAN JUAN DE DIOS
2001;903006;8290;CLINICA SAN JUAN DE DIOS
2001;903007;45585;CLINICA SAN JUAN DE DIOS
2001;903008;45585;CLINICA SAN JUAN DE DIOS
2001;902101;5575;CLINICA SAN JUAN DE DIOS
2001;906411;21300;CLINICA SAN JUAN DE DIOS
2001;906412;25835;CLINICA SAN JUAN DE DIOS
2001;906413;36230;CLINICA SAN JUAN DE DIOS
2001;903416;12060;CLINICA SAN JUAN DE DIOS
2001;903417;32680;CLINICA SAN JUAN DE DIOS
2001;904804;11945;CLINICA SAN JUAN DE DIOS
2001;906018;37995;CLINICA SAN JUAN DE DIOS
2001;906019;37995;CLINICA SAN JUAN DE DIOS
2001;906020;37995;CLINICA SAN JUAN DE DIOS
2001;906021;37995;CLINICA SAN JUAN DE DIOS
2001;906307;37995;CLINICA SAN JUAN DE DIOS
2001;906308;17810;CLINICA SAN JUAN DE DIOS
2001;905721;10965;CLINICA SAN JUAN DE DIOS
2001;905502;56630;CLINICA SAN JUAN DE DIOS
2001;906107;44235;CLINICA SAN JUAN DE DIOS
2001;906109;18930;CLINICA SAN JUAN DE DIOS
2001;906205;17000;CLINICA SAN JUAN DE DIOS
2001;906206;17640;CLINICA SAN JUAN DE DIOS
2001;906414;55875;CLINICA SAN JUAN DE DIOS
2001;906415;55875;CLINICA SAN JUAN DE DIOS
2001;M19217;171780;CLINICA SAN JUAN DE DIOS
2001;M19218;236945;CLINICA SAN JUAN DE DIOS
2001;903813;2870;CLINICA SAN JUAN DE DIOS
2001;903814;2755;CLINICA SAN JUAN DE DIOS
2001;905307;13030;CLINICA SAN JUAN DE DIOS
2001;901204;30720;CLINICA SAN JUAN DE DIOS
2001;901401;22810;CLINICA SAN JUAN DE DIOS
2001;905725;14425;CLINICA SAN JUAN DE DIOS
2001;905726;14425;CLINICA SAN JUAN DE DIOS
2001;906111;15290;CLINICA SAN JUAN DE DIOS
2001;903815;5515;CLINICA SAN JUAN DE DIOS
2001;903816;5515;CLINICA SAN JUAN DE DIOS
2001;903817;23985;CLINICA SAN JUAN DE DIOS
2001;903818;4415;CLINICA SAN JUAN DE DIOS
2001;903418;36580;CLINICA SAN JUAN DE DIOS
2001;903419;11945;CLINICA SAN JUAN DE DIOS
2001;903420;13055;CLINICA SAN JUAN DE DIOS
2001;901104;4785;CLINICA SAN JUAN DE DIOS
2001;901102;8355;CLINICA SAN JUAN DE DIOS
2001;901103;2865;CLINICA SAN JUAN DE DIOS
2001;901107;2980;CLINICA SAN JUAN DE DIOS
2001;901101;5835;CLINICA SAN JUAN DE DIOS
2001;901109;11440;CLINICA SAN JUAN DE DIOS
2001;M19249;30720;CLINICA SAN JUAN DE DIOS
2001;906805;46465;CLINICA SAN JUAN DE DIOS
2001;906806;32075;CLINICA SAN JUAN DE DIOS
2001;906904;21300;CLINICA SAN JUAN DE DIOS
2001;906905;15495;CLINICA SAN JUAN DE DIOS
2001;906906;26710;CLINICA SAN JUAN DE DIOS
2001;906907;14890;CLINICA SAN JUAN DE DIOS
2001;906908;26710;CLINICA SAN JUAN DE DIOS
2001;911008;14850;CLINICA SAN JUAN DE DIOS
2001;902201;10165;CLINICA SAN JUAN DE DIOS
2001;902202;5875;CLINICA SAN JUAN DE DIOS
2001;902203;33130;CLINICA SAN JUAN DE DIOS
2001;901206;6360;CLINICA SAN JUAN DE DIOS
2001;907002;2980;CLINICA SAN JUAN DE DIOS
2001;907003;4635;CLINICA SAN JUAN DE DIOS
2001;903421;9255;CLINICA SAN JUAN DE DIOS
2001;903422;33175;CLINICA SAN JUAN DE DIOS
2001;907004;8355;CLINICA SAN JUAN DE DIOS
2001;904805;21300;CLINICA SAN JUAN DE DIOS
2001;904806;65345;CLINICA SAN JUAN DE DIOS
2001;904807;21300;CLINICA SAN JUAN DE DIOS
2001;904301;31335;CLINICA SAN JUAN DE DIOS
2001;904302;31335;CLINICA SAN JUAN DE DIOS
2001;904303;37535;CLINICA SAN JUAN DE DIOS
2001;901207;30720;CLINICA SAN JUAN DE DIOS
2001;903819;10440;CLINICA SAN JUAN DE DIOS
2001;903820;30520;CLINICA SAN JUAN DE DIOS
2001;903821;7460;CLINICA SAN JUAN DE DIOS
2001;903822;5170;CLINICA SAN JUAN DE DIOS
2001;903823;7065;CLINICA SAN JUAN DE DIOS
2001;903824;3125;CLINICA SAN JUAN DE DIOS
2001;903825;3095;CLINICA SAN JUAN DE DIOS
2001;E30109;13780;CLINICA SAN JUAN DE DIOS
2001;906909;4560;CLINICA SAN JUAN DE DIOS
2001;906112;12260;CLINICA SAN JUAN DE DIOS
2001;906314;29315;CLINICA SAN JUAN DE DIOS
2001;901208;13595;CLINICA SAN JUAN DE DIOS
2001;903826;2785;CLINICA SAN JUAN DE DIOS
2001;903827;2785;CLINICA SAN JUAN DE DIOS
2001;902102;4355;CLINICA SAN JUAN DE DIOS
2001;902103;22810;CLINICA SAN JUAN DE DIOS
2001;901209;12440;CLINICA SAN JUAN DE DIOS
2001;906701;217990;CLINICA SAN JUAN DE DIOS
2001;901211;45585;CLINICA SAN JUAN DE DIOS
2001;901212;44500;CLINICA SAN JUAN DE DIOS
2001;901213;11365;CLINICA SAN JUAN DE DIOS
2001;901214;35605;CLINICA SAN JUAN DE DIOS
2001;901215;26715;CLINICA SAN JUAN DE DIOS
2001;901218;25670;CLINICA SAN JUAN DE DIOS
2001;901216;35605;CLINICA SAN JUAN DE DIOS
2001;901217;14115;CLINICA SAN JUAN DE DIOS
2001;903423;24645;CLINICA SAN JUAN DE DIOS
2001;904809;27440;CLINICA SAN JUAN DE DIOS
2001;904808;35385;CLINICA SAN JUAN DE DIOS
2001;906207;29975;CLINICA SAN JUAN DE DIOS
2001;906208;29975;CLINICA SAN JUAN DE DIOS
2001;906209;33435;CLINICA SAN JUAN DE DIOS
2001;903011;57225;CLINICA SAN JUAN DE DIOS
2001;903424;21325;CLINICA SAN JUAN DE DIOS
2001;903828;5750;CLINICA SAN JUAN DE DIOS
2001;903829;61220;CLINICA SAN JUAN DE DIOS
2001;905602;15290;CLINICA SAN JUAN DE DIOS
2001;905605;19160;CLINICA SAN JUAN DE DIOS
2001;902010;31465;CLINICA SAN JUAN DE DIOS
2001;902011;31465;CLINICA SAN JUAN DE DIOS
2001;902104;29625;CLINICA SAN JUAN DE DIOS
2001;902105;17265;CLINICA SAN JUAN DE DIOS
2001;903012;11225;CLINICA SAN JUAN DE DIOS
2001;E19340;13030;CLINICA SAN JUAN DE DIOS
2001;906417;15090;CLINICA SAN JUAN DE DIOS
2001;906418;26595;CLINICA SAN JUAN DE DIOS
2001;905727;14425;CLINICA SAN JUAN DE DIOS
2001;E19351;14035;CLINICA SAN JUAN DE DIOS
2001;E19352;19260;CLINICA SAN JUAN DE DIOS
2001;906807;43415;CLINICA SAN JUAN DE DIOS
2001;906808;39515;CLINICA SAN JUAN DE DIOS
2001;906809;33495;CLINICA SAN JUAN DE DIOS
2001;906810;10655;CLINICA SAN JUAN DE DIOS
2001;906811;19315;CLINICA SAN JUAN DE DIOS
2001;906812;25915;CLINICA SAN JUAN DE DIOS
2001;906113;5525;CLINICA SAN JUAN DE DIOS
2001;906210;16605;CLINICA SAN JUAN DE DIOS
2001;906212;39640;CLINICA SAN JUAN DE DIOS
2001;906213;39640;CLINICA SAN JUAN DE DIOS
2001;906214;45585;CLINICA SAN JUAN DE DIOS
2001;906215;39640;CLINICA SAN JUAN DE DIOS
2001;906216;39640;CLINICA SAN JUAN DE DIOS
2001;906217;39640;CLINICA SAN JUAN DE DIOS
2001;902106;60780;CLINICA SAN JUAN DE DIOS
2001;902204;1440;CLINICA SAN JUAN DE DIOS
2001;902205;1440;CLINICA SAN JUAN DE DIOS
2001;901303;18730;CLINICA SAN JUAN DE DIOS
2001;906419;36520;CLINICA SAN JUAN DE DIOS
2001;906420;22740;CLINICA SAN JUAN DE DIOS
2001;907201;12965;CLINICA SAN JUAN DE DIOS
2001;903013;24645;CLINICA SAN JUAN DE DIOS
2001;903014;17845;CLINICA SAN JUAN DE DIOS
2001;903015;17845;CLINICA SAN JUAN DE DIOS
2001;904503;24645;CLINICA SAN JUAN DE DIOS
2001;904401;111170;CLINICA SAN JUAN DE DIOS
2001;E19381;14145;CLINICA SAN JUAN DE DIOS
2001;905729;13575;CLINICA SAN JUAN DE DIOS
2001;904504;24430;CLINICA SAN JUAN DE DIOS
2001;904506;13990;CLINICA SAN JUAN DE DIOS
2001;901305;3095;CLINICA SAN JUAN DE DIOS
2001;902206;3480;CLINICA SAN JUAN DE DIOS
2001;904101;40590;CLINICA SAN JUAN DE DIOS
2001;902012;2185;CLINICA SAN JUAN DE DIOS
2001;902015;15230;CLINICA SAN JUAN DE DIOS
2001;906813;30400;CLINICA SAN JUAN DE DIOS
2001;902014;13910;CLINICA SAN JUAN DE DIOS
2001;906910;30510;CLINICA SAN JUAN DE DIOS
2001;906911;4820;CLINICA SAN JUAN DE DIOS
2001;902016;13910;CLINICA SAN JUAN DE DIOS
2001;902017;13910;CLINICA SAN JUAN DE DIOS
2001;902018;13910;CLINICA SAN JUAN DE DIOS
2001;902019;44500;CLINICA SAN JUAN DE DIOS
2001;902020;13910;CLINICA SAN JUAN DE DIOS
2001;902021;13910;CLINICA SAN JUAN DE DIOS
2001;902022;13910;CLINICA SAN JUAN DE DIOS
2001;902023;13910;CLINICA SAN JUAN DE DIOS
2001;906814;43600;CLINICA SAN JUAN DE DIOS
2001;905308;11750;CLINICA SAN JUAN DE DIOS
2001;908109;4840;CLINICA SAN JUAN DE DIOS
2001;905210;32680;CLINICA SAN JUAN DE DIOS
2001;905213;22370;CLINICA SAN JUAN DE DIOS
2001;905216;22370;CLINICA SAN JUAN DE DIOS
2001;905310;12800;CLINICA SAN JUAN DE DIOS
2001;911014;12585;CLINICA SAN JUAN DE DIOS
2001;911013;12585;CLINICA SAN JUAN DE DIOS
2001;903016;16145;CLINICA SAN JUAN DE DIOS
2001;E19437;4570;CLINICA SAN JUAN DE DIOS
2001;902024;5855;CLINICA SAN JUAN DE DIOS
2001;E19443;3330;CLINICA SAN JUAN DE DIOS
2001;903830;3930;CLINICA SAN JUAN DE DIOS
2001;M19449;30720;CLINICA SAN JUAN DE DIOS
2001;903832;16790;CLINICA SAN JUAN DE DIOS
2001;903833;3805;CLINICA SAN JUAN DE DIOS
2001;M19455;13675;CLINICA SAN JUAN DE DIOS
2001;903834;45780;CLINICA SAN JUAN DE DIOS
2001;906422;89010;CLINICA SAN JUAN DE DIOS
2001;906423;89010;CLINICA SAN JUAN DE DIOS
2001;903835;3900;CLINICA SAN JUAN DE DIOS
2001;903836;7915;CLINICA SAN JUAN DE DIOS
2001;903837;30400;CLINICA SAN JUAN DE DIOS
2001;907005;3125;CLINICA SAN JUAN DE DIOS
2001;903425;8370;CLINICA SAN JUAN DE DIOS
2001;903301;7920;CLINICA SAN JUAN DE DIOS
2001;908302;18465;CLINICA SAN JUAN DE DIOS
2001;903838;9760;CLINICA SAN JUAN DE DIOS
2001;906116;53185;CLINICA SAN JUAN DE DIOS
2001;903839;12690;CLINICA SAN JUAN DE DIOS
2001;906624;28945;CLINICA SAN JUAN DE DIOS
2001;905405;18505;CLINICA SAN JUAN DE DIOS
2001;904901;23420;CLINICA SAN JUAN DE DIOS
2001;902108;15500;CLINICA SAN JUAN DE DIOS
2001;902109;26715;CLINICA SAN JUAN DE DIOS
2001;903840;3125;CLINICA SAN JUAN DE DIOS
2001;903841;3095;CLINICA SAN JUAN DE DIOS
2001;903842;10040;CLINICA SAN JUAN DE DIOS
2001;903843;8575;CLINICA SAN JUAN DE DIOS
2001;903844;6695;CLINICA SAN JUAN DE DIOS
2001;903845;5320;CLINICA SAN JUAN DE DIOS
2001;904508;14960;CLINICA SAN JUAN DE DIOS
2001;907006;5940;CLINICA SAN JUAN DE DIOS
2001;903020;8390;CLINICA SAN JUAN DE DIOS
2001;903021;23435;CLINICA SAN JUAN DE DIOS
2001;906022;29975;CLINICA SAN JUAN DE DIOS
2001;906023;29975;CLINICA SAN JUAN DE DIOS
2001;906024;29975;CLINICA SAN JUAN DE DIOS
2001;906025;30720;CLINICA SAN JUAN DE DIOS
2001;901220;30720;CLINICA SAN JUAN DE DIOS
2001;902211;1425;CLINICA SAN JUAN DE DIOS
2001;911016;2645;CLINICA SAN JUAN DE DIOS
2001;902212;4200;CLINICA SAN JUAN DE DIOS
2001;911018;4200;CLINICA SAN JUAN DE DIOS
2001;911020;8510;CLINICA SAN JUAN DE DIOS
2001;901221;30400;CLINICA SAN JUAN DE DIOS
2001;901222;27085;CLINICA SAN JUAN DE DIOS
2001;901223;45585;CLINICA SAN JUAN DE DIOS
2001;901224;32340;CLINICA SAN JUAN DE DIOS
2001;902213;1980;CLINICA SAN JUAN DE DIOS
2001;902110;15935;CLINICA SAN JUAN DE DIOS
2001;902111;2810;CLINICA SAN JUAN DE DIOS
2001;903426;19545;CLINICA SAN JUAN DE DIOS
2001;903427;14925;CLINICA SAN JUAN DE DIOS
2001;902113;9895;CLINICA SAN JUAN DE DIOS
2001;902114;7070;CLINICA SAN JUAN DE DIOS
2001;902207;6490;CLINICA SAN JUAN DE DIOS
2001;902208;8850;CLINICA SAN JUAN DE DIOS
2001;902209;10270;CLINICA SAN JUAN DE DIOS
2001;902210;11015;CLINICA SAN JUAN DE DIOS
2001;E19533;11100;CLINICA SAN JUAN DE DIOS
2001;902115;5170;CLINICA SAN JUAN DE DIOS
2001;902214;6390;CLINICA SAN JUAN DE DIOS
2001;902215;3095;CLINICA SAN JUAN DE DIOS
2001;903428;15955;CLINICA SAN JUAN DE DIOS
2001;902025;3020;CLINICA SAN JUAN DE DIOS
2001;902026;35605;CLINICA SAN JUAN DE DIOS
2001;906218;26580;CLINICA SAN JUAN DE DIOS
2001;906219;25930;CLINICA SAN JUAN DE DIOS
2001;906220;28300;CLINICA SAN JUAN DE DIOS
2001;906221;25930;CLINICA SAN JUAN DE DIOS
2001;906222;25930;CLINICA SAN JUAN DE DIOS
2001;906223;27440;CLINICA SAN JUAN DE DIOS
2001;906317;24430;CLINICA SAN JUAN DE DIOS
2001;906318;25930;CLINICA SAN JUAN DE DIOS
2001;906815;355415;CLINICA SAN JUAN DE DIOS
2001;906225;36585;CLINICA SAN JUAN DE DIOS
2001;906817;188495;CLINICA SAN JUAN DE DIOS
2001;906226;26580;CLINICA SAN JUAN DE DIOS
2001;906319;30575;CLINICA SAN JUAN DE DIOS
2001;906228;21300;CLINICA SAN JUAN DE DIOS
2001;906229;23885;CLINICA SAN JUAN DE DIOS
2001;906230;21300;CLINICA SAN JUAN DE DIOS
2001;906231;38705;CLINICA SAN JUAN DE DIOS
2001;906320;20340;CLINICA SAN JUAN DE DIOS
2001;905723;10090;CLINICA SAN JUAN DE DIOS
2001;904811;9450;CLINICA SAN JUAN DE DIOS
2001;904402;63220;CLINICA SAN JUAN DE DIOS
2001;904509;27440;CLINICA SAN JUAN DE DIOS
2001;902116;13790;CLINICA SAN JUAN DE DIOS
2001;903846;17220;CLINICA SAN JUAN DE DIOS
2001;908606;51230;CLINICA SAN JUAN DE DIOS
2001;908607;102470;CLINICA SAN JUAN DE DIOS
2001;906501;161310;CLINICA SAN JUAN DE DIOS
2001;906502;307730;CLINICA SAN JUAN DE DIOS
2001;906504;32695;CLINICA SAN JUAN DE DIOS
2001;906505;343330;CLINICA SAN JUAN DE DIOS
2001;906506;153475;CLINICA SAN JUAN DE DIOS
2001;M19150;9875;CLINICA SAN JUAN DE DIOS
2001;906118;39640;CLINICA SAN JUAN DE DIOS
2001;906507;91555;CLINICA SAN JUAN DE DIOS
2001;906508;72290;CLINICA SAN JUAN DE DIOS
2001;906509;174395;CLINICA SAN JUAN DE DIOS
2001;906510;87680;CLINICA SAN JUAN DE DIOS
2001;906119;16680;CLINICA SAN JUAN DE DIOS
2001;904103;20450;CLINICA SAN JUAN DE DIOS
2001;904104;27650;CLINICA SAN JUAN DE DIOS
2001;904202;33405;CLINICA SAN JUAN DE DIOS
2001;904201;33405;CLINICA SAN JUAN DE DIOS
2001;904902;23990;CLINICA SAN JUAN DE DIOS
2001;904903;22475;CLINICA SAN JUAN DE DIOS
2001;904904;30965;CLINICA SAN JUAN DE DIOS
2001;904905;27525;CLINICA SAN JUAN DE DIOS
2001;904906;30965;CLINICA SAN JUAN DE DIOS
2001;904105;27680;CLINICA SAN JUAN DE DIOS
2001;904106;226715;CLINICA SAN JUAN DE DIOS
2001;904107;28945;CLINICA SAN JUAN DE DIOS
2001;904911;53285;CLINICA SAN JUAN DE DIOS
2001;904912;53285;CLINICA SAN JUAN DE DIOS
2001;904913;53285;CLINICA SAN JUAN DE DIOS
2001;904914;53285;CLINICA SAN JUAN DE DIOS
2001;906232;25930;CLINICA SAN JUAN DE DIOS
2001;906233;38625;CLINICA SAN JUAN DE DIOS
2001;902027;35605;CLINICA SAN JUAN DE DIOS
2001;906823;13675;CLINICA SAN JUAN DE DIOS
2001;906824;12260;CLINICA SAN JUAN DE DIOS
2001;906825;91180;CLINICA SAN JUAN DE DIOS
2001;906826;13585;CLINICA SAN JUAN DE DIOS
2001;906827;26710;CLINICA SAN JUAN DE DIOS
2001;906833;17535;CLINICA SAN JUAN DE DIOS
2001;906834;21955;CLINICA SAN JUAN DE DIOS
2001;906835;19050;CLINICA SAN JUAN DE DIOS
2001;906836;19050;CLINICA SAN JUAN DE DIOS
2001;906828;13585;CLINICA SAN JUAN DE DIOS
2001;906829;26710;CLINICA SAN JUAN DE DIOS
2001;906831;13585;CLINICA SAN JUAN DE DIOS
2001;906832;26710;CLINICA SAN JUAN DE DIOS
2001;906837;33435;CLINICA SAN JUAN DE DIOS
2001;904704;24210;CLINICA SAN JUAN DE DIOS
2001;904705;23665;CLINICA SAN JUAN DE DIOS
2001;904702;50310;CLINICA SAN JUAN DE DIOS
2001;906425;18010;CLINICA SAN JUAN DE DIOS
2001;906426;23330;CLINICA SAN JUAN DE DIOS
2001;904703;118520;CLINICA SAN JUAN DE DIOS
2001;901402;37995;CLINICA SAN JUAN DE DIOS
2001;903605;21760;CLINICA SAN JUAN DE DIOS
2001;903606;35720;CLINICA SAN JUAN DE DIOS
2001;906427;8705;CLINICA SAN JUAN DE DIOS
2001;903429;18605;CLINICA SAN JUAN DE DIOS
2001;906428;9685;CLINICA SAN JUAN DE DIOS
2001;906429;33435;CLINICA SAN JUAN DE DIOS
2001;905406;12920;CLINICA SAN JUAN DE DIOS
2001;E19629;21980;CLINICA SAN JUAN DE DIOS
2001;906430;30455;CLINICA SAN JUAN DE DIOS
2001;E19625;21650;CLINICA SAN JUAN DE DIOS
2001;903024;25240;CLINICA SAN JUAN DE DIOS
2001;906028;32600;CLINICA SAN JUAN DE DIOS
2001;906322;40690;CLINICA SAN JUAN DE DIOS
2001;901228;30720;CLINICA SAN JUAN DE DIOS
2001;M19636;5170;CLINICA SAN JUAN DE DIOS
2001;901311;12510;CLINICA SAN JUAN DE DIOS
2001;903430;21105;CLINICA SAN JUAN DE DIOS
2001;906702;32695;CLINICA SAN JUAN DE DIOS
2001;906704;32695;CLINICA SAN JUAN DE DIOS
2001;906706;51230;CLINICA SAN JUAN DE DIOS
2001;906709;32695;CLINICA SAN JUAN DE DIOS
2001;902216;2680;CLINICA SAN JUAN DE DIOS
2001;905002;12920;CLINICA SAN JUAN DE DIOS
2001;906711;32695;CLINICA SAN JUAN DE DIOS
2001;906722;32695;CLINICA SAN JUAN DE DIOS
2001;906724;44065;CLINICA SAN JUAN DE DIOS
2001;906725;44065;CLINICA SAN JUAN DE DIOS
2001;906730;32695;CLINICA SAN JUAN DE DIOS
2001;906736;32695;CLINICA SAN JUAN DE DIOS
2001;906738;32695;CLINICA SAN JUAN DE DIOS
2001;906718;32695;CLINICA SAN JUAN DE DIOS
2001;906712;51540;CLINICA SAN JUAN DE DIOS
2001;906713;27255;CLINICA SAN JUAN DE DIOS
2001;906714;51540;CLINICA SAN JUAN DE DIOS
2001;906715;38310;CLINICA SAN JUAN DE DIOS
2001;906720;51540;CLINICA SAN JUAN DE DIOS
2001;906721;38310;CLINICA SAN JUAN DE DIOS
2001;906744;154605;CLINICA SAN JUAN DE DIOS
2001;M19659;51540;CLINICA SAN JUAN DE DIOS
2001;903847;6885;CLINICA SAN JUAN DE DIOS
2001;903431;21105;CLINICA SAN JUAN DE DIOS
2001;M19666;35605;CLINICA SAN JUAN DE DIOS
2001;903848;20275;CLINICA SAN JUAN DE DIOS
2001;903501;9145;CLINICA SAN JUAN DE DIOS
2001;903502;27440;CLINICA SAN JUAN DE DIOS
2001;903849;17930;CLINICA SAN JUAN DE DIOS
2001;903850;16305;CLINICA SAN JUAN DE DIOS
2001;903503;20575;CLINICA SAN JUAN DE DIOS
2001;903851;20575;CLINICA SAN JUAN DE DIOS
2001;903852;20575;CLINICA SAN JUAN DE DIOS
2001;903853;20575;CLINICA SAN JUAN DE DIOS
2001;903504;21560;CLINICA SAN JUAN DE DIOS
2001;901312;12450;CLINICA SAN JUAN DE DIOS
2001;905312;7000;CLINICA SAN JUAN DE DIOS
2001;903854;7460;CLINICA SAN JUAN DE DIOS
2001;903855;7460;CLINICA SAN JUAN DE DIOS
2001;E19701;14425;CLINICA SAN JUAN DE DIOS
2001;905730;22815;CLINICA SAN JUAN DE DIOS
2001;905731;22815;CLINICA SAN JUAN DE DIOS
2001;905733;13575;CLINICA SAN JUAN DE DIOS
2001;905735;11800;CLINICA SAN JUAN DE DIOS
2001;903025;11945;CLINICA SAN JUAN DE DIOS
2001;902117;3660;CLINICA SAN JUAN DE DIOS
2001;902118;22810;CLINICA SAN JUAN DE DIOS
2001;905736;22340;CLINICA SAN JUAN DE DIOS
2001;E19724;12920;CLINICA SAN JUAN DE DIOS
2001;901229;30720;CLINICA SAN JUAN DE DIOS
2001;903026;29625;CLINICA SAN JUAN DE DIOS
2001;903027;13675;CLINICA SAN JUAN DE DIOS
2001;903028;29625;CLINICA SAN JUAN DE DIOS
2001;903030;23985;CLINICA SAN JUAN DE DIOS
2001;903031;5485;CLINICA SAN JUAN DE DIOS
2001;906432;30965;CLINICA SAN JUAN DE DIOS
2001;906433;15520;CLINICA SAN JUAN DE DIOS
2001;906434;30965;CLINICA SAN JUAN DE DIOS
2001;907202;9450;CLINICA SAN JUAN DE DIOS
2001;906748;32695;CLINICA SAN JUAN DE DIOS
2001;M19620;8060;CLINICA SAN JUAN DE DIOS
2001;905738;28340;CLINICA SAN JUAN DE DIOS
2001;908507;23330;CLINICA SAN JUAN DE DIOS
2001;906436;35605;CLINICA SAN JUAN DE DIOS
2001;906437;15415;CLINICA SAN JUAN DE DIOS
2001;906438;29625;CLINICA SAN JUAN DE DIOS
2001;906439;35605;CLINICA SAN JUAN DE DIOS
2001;906032;32695;CLINICA SAN JUAN DE DIOS
2001;901230;42045;CLINICA SAN JUAN DE DIOS
2001;901313;265380;CLINICA SAN JUAN DE DIOS
2001;901314;265380;CLINICA SAN JUAN DE DIOS
2001;901007;45585;CLINICA SAN JUAN DE DIOS
2001;M19737;9895;CLINICA SAN JUAN DE DIOS
2001;906035;30400;CLINICA SAN JUAN DE DIOS
2001;906036;24530;CLINICA SAN JUAN DE DIOS
2001;901231;9340;CLINICA SAN JUAN DE DIOS
2001;906323;17515;CLINICA SAN JUAN DE DIOS
2001;901232;18710;CLINICA SAN JUAN DE DIOS
2001;901233;37995;CLINICA SAN JUAN DE DIOS
2001;901317;37995;CLINICA SAN JUAN DE DIOS
2001;905407;13030;CLINICA SAN JUAN DE DIOS
2001;902119;30720;CLINICA SAN JUAN DE DIOS
2001;903856;3665;CLINICA SAN JUAN DE DIOS
2001;903857;3665;CLINICA SAN JUAN DE DIOS
2001;905606;5525;CLINICA SAN JUAN DE DIOS
2001;901234;30720;CLINICA SAN JUAN DE DIOS
2001;906440;30965;CLINICA SAN JUAN DE DIOS
2001;906441;19100;CLINICA SAN JUAN DE DIOS
2001;906442;30965;CLINICA SAN JUAN DE DIOS
2001;905740;14425;CLINICA SAN JUAN DE DIOS
2001;905741;14145;CLINICA SAN JUAN DE DIOS
2001;905743;18075;CLINICA SAN JUAN DE DIOS
2001;903033;15850;CLINICA SAN JUAN DE DIOS
2001;903034;15850;CLINICA SAN JUAN DE DIOS
2001;903858;16345;CLINICA SAN JUAN DE DIOS
2001;903035;45585;CLINICA SAN JUAN DE DIOS
2001;903036;17265;CLINICA SAN JUAN DE DIOS
2001;907007;3665;CLINICA SAN JUAN DE DIOS
2001;E19767;13380;CLINICA SAN JUAN DE DIOS
2001;905744;12920;CLINICA SAN JUAN DE DIOS
2001;E19773;3590;CLINICA SAN JUAN DE DIOS
2001;906238;30400;CLINICA SAN JUAN DE DIOS
2001;M19779;5810;CLINICA SAN JUAN DE DIOS
2001;904706;53285;CLINICA SAN JUAN DE DIOS
2001;903037;44235;CLINICA SAN JUAN DE DIOS
2001;908306;13790;CLINICA SAN JUAN DE DIOS
2001;906443;9875;CLINICA SAN JUAN DE DIOS
2001;906444;32695;CLINICA SAN JUAN DE DIOS
2001;906750;32695;CLINICA SAN JUAN DE DIOS
2001;902029;14635;CLINICA SAN JUAN DE DIOS
2001;906447;39605;CLINICA SAN JUAN DE DIOS
2001;906448;39605;CLINICA SAN JUAN DE DIOS
2001;906325;32695;CLINICA SAN JUAN DE DIOS
2001;903038;7660;CLINICA SAN JUAN DE DIOS
2001;903040;9255;CLINICA SAN JUAN DE DIOS
2001;903041;33175;CLINICA SAN JUAN DE DIOS
2001;903859;8370;CLINICA SAN JUAN DE DIOS
2001;903860;8025;CLINICA SAN JUAN DE DIOS
2001;906912;32680;CLINICA SAN JUAN DE DIOS
2001;905750;13025;CLINICA SAN JUAN DE DIOS
2001;905003;9450;CLINICA SAN JUAN DE DIOS
2001;905408;14425;CLINICA SAN JUAN DE DIOS
2001;902031;10740;CLINICA SAN JUAN DE DIOS
2001;904510;24960;CLINICA SAN JUAN DE DIOS
2001;904108;22710;CLINICA SAN JUAN DE DIOS
2001;904109;28855;CLINICA SAN JUAN DE DIOS
2001;904204;26135;CLINICA SAN JUAN DE DIOS
2001;902032;22890;CLINICA SAN JUAN DE DIOS
2001;905752;14145;CLINICA SAN JUAN DE DIOS
2001;907103;2645;CLINICA SAN JUAN DE DIOS
2001;902034;44505;CLINICA SAN JUAN DE DIOS
2001;906913;15415;CLINICA SAN JUAN DE DIOS
2001;906914;4860;CLINICA SAN JUAN DE DIOS
2001;902037;44505;CLINICA SAN JUAN DE DIOS
2001;902036;44505;CLINICA SAN JUAN DE DIOS
2001;903042;38625;CLINICA SAN JUAN DE DIOS
2001;903861;6290;CLINICA SAN JUAN DE DIOS
2001;903862;3095;CLINICA SAN JUAN DE DIOS
2001;903863;3095;CLINICA SAN JUAN DE DIOS
2001;903433;13030;CLINICA SAN JUAN DE DIOS
2001;E19829;12430;CLINICA SAN JUAN DE DIOS
2001;903043;7630;CLINICA SAN JUAN DE DIOS
2001;902121;3415;CLINICA SAN JUAN DE DIOS
2001;911022;13205;CLINICA SAN JUAN DE DIOS
2001;901501;30400;CLINICA SAN JUAN DE DIOS
2001;901403;11620;CLINICA SAN JUAN DE DIOS
2001;901404;4675;CLINICA SAN JUAN DE DIOS
2001;901406;11735;CLINICA SAN JUAN DE DIOS
2001;902038;13780;CLINICA SAN JUAN DE DIOS
2001;908307;10420;CLINICA SAN JUAN DE DIOS
2001;893904;7630;CLINICA SAN JUAN DE DIOS
2001;E19838;11305;CLINICA SAN JUAN DE DIOS
2001;905753;28340;CLINICA SAN JUAN DE DIOS
2001;E19844;3480;CLINICA SAN JUAN DE DIOS
2001;M19845;217990;CLINICA SAN JUAN DE DIOS
2001;M19849;189555;CLINICA SAN JUAN DE DIOS
2001;907104;5660;CLINICA SAN JUAN DE DIOS
2001;902218;2315;CLINICA SAN JUAN DE DIOS
2001;902219;2340;CLINICA SAN JUAN DE DIOS
2001;902220;2870;CLINICA SAN JUAN DE DIOS
2001;902221;2870;CLINICA SAN JUAN DE DIOS
2001;902224;59275;CLINICA SAN JUAN DE DIOS
2001;902222;7085;CLINICA SAN JUAN DE DIOS
2001;902223;2990;CLINICA SAN JUAN DE DIOS
2001;907106;7905;CLINICA SAN JUAN DE DIOS
2001;904003;27440;CLINICA SAN JUAN DE DIOS
2001;902039;39240;CLINICA SAN JUAN DE DIOS
2001;902041;2110;CLINICA SAN JUAN DE DIOS
2001;906453;33435;CLINICA SAN JUAN DE DIOS
2001;906454;30455;CLINICA SAN JUAN DE DIOS
2001;906326;29710;CLINICA SAN JUAN DE DIOS
2001;906327;12965;CLINICA SAN JUAN DE DIOS
2001;M19857;20655;CLINICA SAN JUAN DE DIOS
2001;906241;28770;CLINICA SAN JUAN DE DIOS
2001;906242;28770;CLINICA SAN JUAN DE DIOS
2001;906243;33435;CLINICA SAN JUAN DE DIOS
2001;906244;33435;CLINICA SAN JUAN DE DIOS
2001;M19861;24430;CLINICA SAN JUAN DE DIOS
2001;905756;9145;CLINICA SAN JUAN DE DIOS
2001;906328;14360;CLINICA SAN JUAN DE DIOS
2001;907009;13205;CLINICA SAN JUAN DE DIOS
2001;907008;2315;CLINICA SAN JUAN DE DIOS
2001;906245;24540;CLINICA SAN JUAN DE DIOS
2001;903044;13205;CLINICA SAN JUAN DE DIOS
2001;906455;30455;CLINICA SAN JUAN DE DIOS
2001;906916;4380;CLINICA SAN JUAN DE DIOS
2001;906915;6245;CLINICA SAN JUAN DE DIOS
2001;903434;23665;CLINICA SAN JUAN DE DIOS
2001;903435;23665;CLINICA SAN JUAN DE DIOS
2001;901319;11535;CLINICA SAN JUAN DE DIOS
2001;906456;27720;CLINICA SAN JUAN DE DIOS
2001;903864;5960;CLINICA SAN JUAN DE DIOS
2001;903865;5715;CLINICA SAN JUAN DE DIOS
2001;904708;92800;CLINICA SAN JUAN DE DIOS
2001;901320;11425;CLINICA SAN JUAN DE DIOS
2001;901321;15830;CLINICA SAN JUAN DE DIOS
2001;901322;7710;CLINICA SAN JUAN DE DIOS
2001;902122;22810;CLINICA SAN JUAN DE DIOS
2001;905759;14875;CLINICA SAN JUAN DE DIOS
2001;905760;15935;CLINICA SAN JUAN DE DIOS
2001;905607;14940;CLINICA SAN JUAN DE DIOS
2001;904601;25930;CLINICA SAN JUAN DE DIOS
2001;904602;32010;CLINICA SAN JUAN DE DIOS
2001;902042;12155;CLINICA SAN JUAN DE DIOS
2001;902043;2645;CLINICA SAN JUAN DE DIOS
2001;902044;6075;CLINICA SAN JUAN DE DIOS
2001;902045;7515;CLINICA SAN JUAN DE DIOS
2001;902046;1995;CLINICA SAN JUAN DE DIOS
2001;902047;13340;CLINICA SAN JUAN DE DIOS
2001;902048;4505;CLINICA SAN JUAN DE DIOS
2001;902049;9385;CLINICA SAN JUAN DE DIOS
2001;904920;35605;CLINICA SAN JUAN DE DIOS
2001;906457;22085;CLINICA SAN JUAN DE DIOS
2001;906458;32680;CLINICA SAN JUAN DE DIOS
2001;906460;19315;CLINICA SAN JUAN DE DIOS
2001;906461;32680;CLINICA SAN JUAN DE DIOS
2001;906463;36520;CLINICA SAN JUAN DE DIOS
2001;906465;16790;CLINICA SAN JUAN DE DIOS
2001;908113;51230;CLINICA SAN JUAN DE DIOS
2001;908114;76855;CLINICA SAN JUAN DE DIOS
2001;904921;15935;CLINICA SAN JUAN DE DIOS
2001;904922;16305;CLINICA SAN JUAN DE DIOS
2001;906125;36585;CLINICA SAN JUAN DE DIOS
2001;906126;32695;CLINICA SAN JUAN DE DIOS
2001;906127;24750;CLINICA SAN JUAN DE DIOS
2001;906128;21305;CLINICA SAN JUAN DE DIOS
2001;906129;27255;CLINICA SAN JUAN DE DIOS
2001;M19929;32010;CLINICA SAN JUAN DE DIOS
2001;903867;4530;CLINICA SAN JUAN DE DIOS
2001;903866;4530;CLINICA SAN JUAN DE DIOS
2001;903045;11455;CLINICA SAN JUAN DE DIOS
2001;903046;29625;CLINICA SAN JUAN DE DIOS
2001;906039;31360;CLINICA SAN JUAN DE DIOS
2001;906040;27255;CLINICA SAN JUAN DE DIOS
2001;906041;27255;CLINICA SAN JUAN DE DIOS
2001;903868;5170;CLINICA SAN JUAN DE DIOS
2001;906132;24245;CLINICA SAN JUAN DE DIOS
2001;906131;24245;CLINICA SAN JUAN DE DIOS
2001;904923;17810;CLINICA SAN JUAN DE DIOS
2001;904924;17480;CLINICA SAN JUAN DE DIOS
2001;904925;18830;CLINICA SAN JUAN DE DIOS
2001;903438;27865;CLINICA SAN JUAN DE DIOS
2001;903439;39240;CLINICA SAN JUAN DE DIOS
2001;903869;4570;CLINICA SAN JUAN DE DIOS
2001;907107;3785;CLINICA SAN JUAN DE DIOS
2001;907010;3330;CLINICA SAN JUAN DE DIOS
2001;907011;22810;CLINICA SAN JUAN DE DIOS
2001;907108;19820;CLINICA SAN JUAN DE DIOS
2001;901235;24305;CLINICA SAN JUAN DE DIOS
2001;901236;28905;CLINICA SAN JUAN DE DIOS
2001;901237;24305;CLINICA SAN JUAN DE DIOS
2001;905411;12920;CLINICA SAN JUAN DE DIOS
2001;911026;2645;CLINICA SAN JUAN DE DIOS
2001;906247;14205;CLINICA SAN JUAN DE DIOS
2001;906248;27255;CLINICA SAN JUAN DE DIOS
2001;906249;23665;CLINICA SAN JUAN DE DIOS
2001;906840;355415;CLINICA SAN JUAN DE DIOS
2001;906250;125550;CLINICA SAN JUAN DE DIOS
2001;906251;65890;CLINICA SAN JUAN DE DIOS
2001;906329;18185;CLINICA SAN JUAN DE DIOS
2001;903701;45585;CLINICA SAN JUAN DE DIOS
2001;903702;45585;CLINICA SAN JUAN DE DIOS
2001;903703;32680;CLINICA SAN JUAN DE DIOS
2001;903704;45585;CLINICA SAN JUAN DE DIOS
2001;903705;45585;CLINICA SAN JUAN DE DIOS
2001;903707;45585;CLINICA SAN JUAN DE DIOS
2001;903706;45585;CLINICA SAN JUAN DE DIOS
2001;903708;45585;CLINICA SAN JUAN DE DIOS
2001;905102;11445;CLINICA SAN JUAN DE DIOS
2001;905103;16345;CLINICA SAN JUAN DE DIOS
2001;901238;30720;CLINICA SAN JUAN DE DIOS
2001;903608;17145;CLINICA SAN JUAN DE DIOS
2001;903609;17145;CLINICA SAN JUAN DE DIOS
2001;898101;21470;CLINICA SAN JUAN DE DIOS
2001;898102;31045;CLINICA SAN JUAN DE DIOS
2001;898104;44760;CLINICA SAN JUAN DE DIOS
2001;898107;97005;CLINICA SAN JUAN DE DIOS
2001;898103;18960;CLINICA SAN JUAN DE DIOS
2001;898801;67420;CLINICA SAN JUAN DE DIOS
2001;898110;50005;CLINICA SAN JUAN DE DIOS
2001;898201;30215;CLINICA SAN JUAN DE DIOS
2001;898202;52895;CLINICA SAN JUAN DE DIOS
2001;898203;18960;CLINICA SAN JUAN DE DIOS
2001;898204;70105;CLINICA SAN JUAN DE DIOS
2001;898207;88470;CLINICA SAN JUAN DE DIOS
2001;898210;50005;CLINICA SAN JUAN DE DIOS
2001;898241;62770;CLINICA SAN JUAN DE DIOS
2001;898242;105905;CLINICA SAN JUAN DE DIOS
2001;898243;18960;CLINICA SAN JUAN DE DIOS
2001;898244;140195;CLINICA SAN JUAN DE DIOS
2001;898247;176940;CLINICA SAN JUAN DE DIOS
2001;898250;50005;CLINICA SAN JUAN DE DIOS
2001;892901;2485;CLINICA SAN JUAN DE DIOS
2001;898001;7460;CLINICA SAN JUAN DE DIOS
2001;898002;10225;CLINICA SAN JUAN DE DIOS
2001;898005;31045;CLINICA SAN JUAN DE DIOS
2001;898006;31045;CLINICA SAN JUAN DE DIOS
2001;898003;19490;CLINICA SAN JUAN DE DIOS
2001;898007;31045;CLINICA SAN JUAN DE DIOS
2001;898004;30215;CLINICA SAN JUAN DE DIOS
2001;898008;47540;CLINICA SAN JUAN DE DIOS
2001;898012;72385;CLINICA SAN JUAN DE DIOS
2001;873004;14730;CLINICA SAN JUAN DE DIOS
2001;873112;14730;CLINICA SAN JUAN DE DIOS
2001;873122;14730;CLINICA SAN JUAN DE DIOS
2001;873205;14730;CLINICA SAN JUAN DE DIOS
2001;873206;14730;CLINICA SAN JUAN DE DIOS
2001;873210;14730;CLINICA SAN JUAN DE DIOS
2001;873333;14730;CLINICA SAN JUAN DE DIOS
2001;873335;14730;CLINICA SAN JUAN DE DIOS
2001;873431;14730;CLINICA SAN JUAN DE DIOS
2001;873432;14730;CLINICA SAN JUAN DE DIOS
2001;873111;19090;CLINICA SAN JUAN DE DIOS
2001;873121;19090;CLINICA SAN JUAN DE DIOS
2001;873204;19090;CLINICA SAN JUAN DE DIOS
2001;873312;19090;CLINICA SAN JUAN DE DIOS
2001;873313;19090;CLINICA SAN JUAN DE DIOS
2001;873314;19090;CLINICA SAN JUAN DE DIOS
2001;873340;19090;CLINICA SAN JUAN DE DIOS
2001;873420;19090;CLINICA SAN JUAN DE DIOS
2001;873302;21485;CLINICA SAN JUAN DE DIOS
2001;873426;21485;CLINICA SAN JUAN DE DIOS
2001;873311;24010;CLINICA SAN JUAN DE DIOS
2001;871091;18175;CLINICA SAN JUAN DE DIOS
2001;873411;18175;CLINICA SAN JUAN DE DIOS
2001;873202;8440;CLINICA SAN JUAN DE DIOS
2001;873412;8440;CLINICA SAN JUAN DE DIOS
2001;873422;8440;CLINICA SAN JUAN DE DIOS
2001;873443;8440;CLINICA SAN JUAN DE DIOS
2001;873444;8440;CLINICA SAN JUAN DE DIOS
2001;873710;48050;CLINICA SAN JUAN DE DIOS
2001;873720;48050;CLINICA SAN JUAN DE DIOS
2001;E21108;8440;CLINICA SAN JUAN DE DIOS
2001;873424;24400;CLINICA SAN JUAN DE DIOS
2001;871061;83870;CLINICA SAN JUAN DE DIOS
2001;871062;32255;CLINICA SAN JUAN DE DIOS
2001;873002;69505;CLINICA SAN JUAN DE DIOS
2001;886012;114625;CLINICA SAN JUAN DE DIOS
2001;886013;11460;CLINICA SAN JUAN DE DIOS
2001;870004;19720;CLINICA SAN JUAN DE DIOS
2001;870101;19720;CLINICA SAN JUAN DE DIOS
2001;870104;19720;CLINICA SAN JUAN DE DIOS
2001;870105;19720;CLINICA SAN JUAN DE DIOS
2001;870107;19720;CLINICA SAN JUAN DE DIOS
2001;870112;19720;CLINICA SAN JUAN DE DIOS
2001;870102;19840;CLINICA SAN JUAN DE DIOS
2001;870103;19840;CLINICA SAN JUAN DE DIOS
2001;870108;19840;CLINICA SAN JUAN DE DIOS
2001;870113;19840;CLINICA SAN JUAN DE DIOS
2001;870131;19840;CLINICA SAN JUAN DE DIOS
2001;870001;21465;CLINICA SAN JUAN DE DIOS
2001;870003;14475;CLINICA SAN JUAN DE DIOS
2001;870114;13125;CLINICA SAN JUAN DE DIOS
2001;870002;31725;CLINICA SAN JUAN DE DIOS
2001;870005;28115;CLINICA SAN JUAN DE DIOS
2001;870006;28115;CLINICA SAN JUAN DE DIOS
2001;870007;28115;CLINICA SAN JUAN DE DIOS
2001;870305;31425;CLINICA SAN JUAN DE DIOS
2001;870306;31425;CLINICA SAN JUAN DE DIOS
2001;E21126;8440;CLINICA SAN JUAN DE DIOS
2001;870301;84985;CLINICA SAN JUAN DE DIOS
2001;870302;84985;CLINICA SAN JUAN DE DIOS
2001;870303;84985;CLINICA SAN JUAN DE DIOS
2001;870307;84985;CLINICA SAN JUAN DE DIOS
2001;870308;84985;CLINICA SAN JUAN DE DIOS
2001;870310;48655;CLINICA SAN JUAN DE DIOS
2001;870601;21980;CLINICA SAN JUAN DE DIOS
2001;870602;21980;CLINICA SAN JUAN DE DIOS
2001;870603;21980;CLINICA SAN JUAN DE DIOS
2001;M21452;54990;CLINICA SAN JUAN DE DIOS
2001;871010;24055;CLINICA SAN JUAN DE DIOS
2001;871019;24055;CLINICA SAN JUAN DE DIOS
2001;871020;23545;CLINICA SAN JUAN DE DIOS
2001;871030;23545;CLINICA SAN JUAN DE DIOS
2001;871040;29340;CLINICA SAN JUAN DE DIOS
2001;871050;23685;CLINICA SAN JUAN DE DIOS
2001;M21144;40940;CLINICA SAN JUAN DE DIOS
2001;M21145;8440;CLINICA SAN JUAN DE DIOS
2001;871404;38540;CLINICA SAN JUAN DE DIOS
2001;871111;20660;CLINICA SAN JUAN DE DIOS
2001;871121;20660;CLINICA SAN JUAN DE DIOS
2001;871181;13785;CLINICA SAN JUAN DE DIOS
2001;871112;18875;CLINICA SAN JUAN DE DIOS
2001;871129;18875;CLINICA SAN JUAN DE DIOS
2001;871208;39795;CLINICA SAN JUAN DE DIOS
2001;871202;10895;CLINICA SAN JUAN DE DIOS
2001;M21206;69650;CLINICA SAN JUAN DE DIOS
2001;871402;81695;CLINICA SAN JUAN DE DIOS
2001;871403;81820;CLINICA SAN JUAN DE DIOS
2001;876801;57780;CLINICA SAN JUAN DE DIOS
2001;876802;73100;CLINICA SAN JUAN DE DIOS
2001;871182;66160;CLINICA SAN JUAN DE DIOS
2001;871401;48170;CLINICA SAN JUAN DE DIOS
2001;872002;24370;CLINICA SAN JUAN DE DIOS
2001;872011;32350;CLINICA SAN JUAN DE DIOS
2001;877815;34320;CLINICA SAN JUAN DE DIOS
2001;877814;34320;CLINICA SAN JUAN DE DIOS
2001;877802;54795;CLINICA SAN JUAN DE DIOS
2001;877801;64805;CLINICA SAN JUAN DE DIOS
2001;E21305;37310;CLINICA SAN JUAN DE DIOS
2001;872780;123910;CLINICA SAN JUAN DE DIOS
2001;872070;125340;CLINICA SAN JUAN DE DIOS
2001;872510;39580;CLINICA SAN JUAN DE DIOS
2001;M21322;37310;CLINICA SAN JUAN DE DIOS
2001;M21323;30390;CLINICA SAN JUAN DE DIOS
2001;872520;55135;CLINICA SAN JUAN DE DIOS
2001;872530;47390;CLINICA SAN JUAN DE DIOS
2001;872580;47390;CLINICA SAN JUAN DE DIOS
2001;871320;25755;CLINICA SAN JUAN DE DIOS
2001;872123;56695;CLINICA SAN JUAN DE DIOS
2001;872121;59520;CLINICA SAN JUAN DE DIOS
2001;872101;52925;CLINICA SAN JUAN DE DIOS
2001;872102;64990;CLINICA SAN JUAN DE DIOS
2001;872104;53400;CLINICA SAN JUAN DE DIOS
2001;872105;60225;CLINICA SAN JUAN DE DIOS
2001;872122;65830;CLINICA SAN JUAN DE DIOS
2001;874910;133360;CLINICA SAN JUAN DE DIOS
2001;E21336;53400;CLINICA SAN JUAN DE DIOS
2001;951301;55915;CLINICA SAN JUAN DE DIOS
2001;881431;17925;CLINICA SAN JUAN DE DIOS
2001;881434;25945;CLINICA SAN JUAN DE DIOS
2001;881360;41155;CLINICA SAN JUAN DE DIOS
2001;881362;126475;CLINICA SAN JUAN DE DIOS
2001;881318;13865;CLINICA SAN JUAN DE DIOS
2001;881402;13865;CLINICA SAN JUAN DE DIOS
2001;881401;22935;CLINICA SAN JUAN DE DIOS
2001;881432;22935;CLINICA SAN JUAN DE DIOS
2001;881403;48405;CLINICA SAN JUAN DE DIOS
2001;881306;25770;CLINICA SAN JUAN DE DIOS
2001;881331;25770;CLINICA SAN JUAN DE DIOS
2001;881305;40950;CLINICA SAN JUAN DE DIOS
2001;881340;40950;CLINICA SAN JUAN DE DIOS
2001;881302;51540;CLINICA SAN JUAN DE DIOS
2001;881131;23975;CLINICA SAN JUAN DE DIOS
2001;881141;23975;CLINICA SAN JUAN DE DIOS
2001;881510;23975;CLINICA SAN JUAN DE DIOS
2001;881521;23975;CLINICA SAN JUAN DE DIOS
2001;881301;30190;CLINICA SAN JUAN DE DIOS
2001;881601;30190;CLINICA SAN JUAN DE DIOS
2001;881602;30190;CLINICA SAN JUAN DE DIOS
2001;881610;28115;CLINICA SAN JUAN DE DIOS
2001;881620;28115;CLINICA SAN JUAN DE DIOS
2001;881630;28115;CLINICA SAN JUAN DE DIOS
2001;881240;23235;CLINICA SAN JUAN DE DIOS
2001;881201;28115;CLINICA SAN JUAN DE DIOS
2001;881112;35170;CLINICA SAN JUAN DE DIOS
2001;881313;22650;CLINICA SAN JUAN DE DIOS
2001;881502;57625;CLINICA SAN JUAN DE DIOS
2001;881220;35350;CLINICA SAN JUAN DE DIOS
2001;881390;31985;CLINICA SAN JUAN DE DIOS
2001;881332;30190;CLINICA SAN JUAN DE DIOS
2001;881501;30190;CLINICA SAN JUAN DE DIOS
2001;881410;57020;CLINICA SAN JUAN DE DIOS
2001;882298;41580;CLINICA SAN JUAN DE DIOS
2001;882210;85150;CLINICA SAN JUAN DE DIOS
2001;882211;85150;CLINICA SAN JUAN DE DIOS
2001;882212;110695;CLINICA SAN JUAN DE DIOS
2001;882250;85150;CLINICA SAN JUAN DE DIOS
2001;882251;85150;CLINICA SAN JUAN DE DIOS
2001;882252;110695;CLINICA SAN JUAN DE DIOS
2001;882291;85150;CLINICA SAN JUAN DE DIOS
2001;882293;85150;CLINICA SAN JUAN DE DIOS
2001;882295;77480;CLINICA SAN JUAN DE DIOS
2001;882110;69805;CLINICA SAN JUAN DE DIOS
2001;882111;69805;CLINICA SAN JUAN DE DIOS
2001;882112;90747;CLINICA SAN JUAN DE DIOS
2001;882130;69805;CLINICA SAN JUAN DE DIOS
2001;882131;69805;CLINICA SAN JUAN DE DIOS
2001;882132;69805;CLINICA SAN JUAN DE DIOS
2001;882101;105715;CLINICA SAN JUAN DE DIOS
2001;882102;105715;CLINICA SAN JUAN DE DIOS
2001;882103;137430;CLINICA SAN JUAN DE DIOS
2001;882310;94475;CLINICA SAN JUAN DE DIOS
2001;882312;94475;CLINICA SAN JUAN DE DIOS
2001;882330;94475;CLINICA SAN JUAN DE DIOS
2001;882332;94475;CLINICA SAN JUAN DE DIOS
2001;882334;94475;CLINICA SAN JUAN DE DIOS
2001;882311;81750;CLINICA SAN JUAN DE DIOS
2001;882313;106275;CLINICA SAN JUAN DE DIOS
2001;882331;81750;CLINICA SAN JUAN DE DIOS
2001;882333;81750;CLINICA SAN JUAN DE DIOS
2001;881511;36175;CLINICA SAN JUAN DE DIOS
2001;882271;36175;CLINICA SAN JUAN DE DIOS
2001;882281;36175;CLINICA SAN JUAN DE DIOS
2001;882610;48545;CLINICA SAN JUAN DE DIOS
2001;882611;63109;CLINICA SAN JUAN DE DIOS
2001;882600;59180;CLINICA SAN JUAN DE DIOS
2001;881118;75585;CLINICA SAN JUAN DE DIOS
2001;882105;237925;CLINICA SAN JUAN DE DIOS
2001;951321;90636;CLINICA SAN JUAN DE DIOS
2001;882201;69805;CLINICA SAN JUAN DE DIOS
2001;882203;90747;CLINICA SAN JUAN DE DIOS
2001;882220;69805;CLINICA SAN JUAN DE DIOS
2001;882221;69805;CLINICA SAN JUAN DE DIOS
2001;882222;90747;CLINICA SAN JUAN DE DIOS
2001;882230;69805;CLINICA SAN JUAN DE DIOS
2001;882231;69805;CLINICA SAN JUAN DE DIOS
2001;882232;90747;CLINICA SAN JUAN DE DIOS
2001;882240;69805;CLINICA SAN JUAN DE DIOS
2001;882241;69805;CLINICA SAN JUAN DE DIOS
2001;882242;90747;CLINICA SAN JUAN DE DIOS
2001;882260;69805;CLINICA SAN JUAN DE DIOS
2001;882261;69805;CLINICA SAN JUAN DE DIOS
2001;882262;90747;CLINICA SAN JUAN DE DIOS
2001;882840;100710;CLINICA SAN JUAN DE DIOS
2001;E31213;56910;CLINICA SAN JUAN DE DIOS
2001;965200;7175;CLINICA SAN JUAN DE DIOS
2001;954602;86040;CLINICA SAN JUAN DE DIOS
2001;939402;4485;CLINICA SAN JUAN DE DIOS
2001;890208;5515;CLINICA SAN JUAN DE DIOS
2001;890308;5515;CLINICA SAN JUAN DE DIOS
2001;940700;14830;CLINICA SAN JUAN DE DIOS
2001;940200;15800;CLINICA SAN JUAN DE DIOS
2001;940100;15445;CLINICA SAN JUAN DE DIOS
2001;942600;54885;CLINICA SAN JUAN DE DIOS
2001;890204;12510;CLINICA SAN JUAN DE DIOS
2001;890304;12510;CLINICA SAN JUAN DE DIOS
2001;890404;16700;CLINICA SAN JUAN DE DIOS
2001;890203;8755;CLINICA SAN JUAN DE DIOS
2001;890303;8755;CLINICA SAN JUAN DE DIOS
2001;890703;9420;CLINICA SAN JUAN DE DIOS
2001;890704;12985;CLINICA SAN JUAN DE DIOS
2001;870451;3090;CLINICA SAN JUAN DE DIOS
2001;870452;3090;CLINICA SAN JUAN DE DIOS
2001;870453;3090;CLINICA SAN JUAN DE DIOS
2001;870454;3090;CLINICA SAN JUAN DE DIOS
2001;870455;3090;CLINICA SAN JUAN DE DIOS
2001;870460;3090;CLINICA SAN JUAN DE DIOS
2001;870440;5690;CLINICA SAN JUAN DE DIOS
2001;893101;11135;CLINICA SAN JUAN DE DIOS
2001;893102;8190;CLINICA SAN JUAN DE DIOS
2001;893104;24225;CLINICA SAN JUAN DE DIOS
2001;232101;9925;CLINICA SAN JUAN DE DIOS
2001;232102;12445;CLINICA SAN JUAN DE DIOS
2001;232103;9340;CLINICA SAN JUAN DE DIOS
2001;232300;8075;CLINICA SAN JUAN DE DIOS
2001;997300;10940;CLINICA SAN JUAN DE DIOS
2001;242102;35220;CLINICA SAN JUAN DE DIOS
2001;243400;8400;CLINICA SAN JUAN DE DIOS
2001;240300;31405;CLINICA SAN JUAN DE DIOS
2001;237200;41135;CLINICA SAN JUAN DE DIOS
2001;237301;33205;CLINICA SAN JUAN DE DIOS
2001;237302;39175;CLINICA SAN JUAN DE DIOS
2001;237303;41665;CLINICA SAN JUAN DE DIOS
2001;237401;50155;CLINICA SAN JUAN DE DIOS
2001;242202;47305;CLINICA SAN JUAN DE DIOS
2001;893106;13520;CLINICA SAN JUAN DE DIOS
2001;247100;581850;CLINICA SAN JUAN DE DIOS
2001;893108;9670;CLINICA SAN JUAN DE DIOS
2001;893107;240640;CLINICA SAN JUAN DE DIOS
2001;230101;10595;CLINICA SAN JUAN DE DIOS
2001;230102;15365;CLINICA SAN JUAN DE DIOS
2001;231100;20925;CLINICA SAN JUAN DE DIOS
2001;231200;34740;CLINICA SAN JUAN DE DIOS
2001;231500;27025;CLINICA SAN JUAN DE DIOS
2001;245100;41275;CLINICA SAN JUAN DE DIOS
2001;274902;36265;CLINICA SAN JUAN DE DIOS
2001;249100;24715;CLINICA SAN JUAN DE DIOS
2001;235100;58785;CLINICA SAN JUAN DE DIOS
2001;243500;33225;CLINICA SAN JUAN DE DIOS
2001;231300;54580;CLINICA SAN JUAN DE DIOS
2001;231301;69260;CLINICA SAN JUAN DE DIOS
2001;231302;112835;CLINICA SAN JUAN DE DIOS
2001;231400;49530;CLINICA SAN JUAN DE DIOS
2001;234202;26915;CLINICA SAN JUAN DE DIOS
2001;234401;59435;CLINICA SAN JUAN DE DIOS
2001;234402;47570;CLINICA SAN JUAN DE DIOS
2001;234204;59435;CLINICA SAN JUAN DE DIOS
2001;247401;15955;CLINICA SAN JUAN DE DIOS
2001;247402;23630;CLINICA SAN JUAN DE DIOS
2001;234203;24230;CLINICA SAN JUAN DE DIOS
2001;248200;24225;CLINICA SAN JUAN DE DIOS
2001;234104;5445;CLINICA SAN JUAN DE DIOS
2001;234101;14320;CLINICA SAN JUAN DE DIOS
2001;234102;10740;CLINICA SAN JUAN DE DIOS
2001;882202;191100;CLINICA SAN JUAN DE DIOS
2001;237304;13915;CLINICA SAN JUAN DE DIOS
2001;237305;13915;CLINICA SAN JUAN DE DIOS
2001;230201;4255;CLINICA SAN JUAN DE DIOS
2001;230202;4255;CLINICA SAN JUAN DE DIOS
2001;997105;4255;CLINICA SAN JUAN DE DIOS
2001;237101;6150;CLINICA SAN JUAN DE DIOS
2001;234103;12745;CLINICA SAN JUAN DE DIOS
2001;990212;2040;CLINICA SAN JUAN DE DIOS
2001;997103;1500;CLINICA SAN JUAN DE DIOS
2001;997104;1500;CLINICA SAN JUAN DE DIOS
2001;997310;1500;CLINICA SAN JUAN DE DIOS
2001;997101;5070;CLINICA SAN JUAN DE DIOS
2001;997102;5070;CLINICA SAN JUAN DE DIOS
2001;S12710;55820;CLINICA SAN JUAN DE DIOS
2001;S12711;44730;CLINICA SAN JUAN DE DIOS
2001;S12712;36230;CLINICA SAN JUAN DE DIOS
2001;S12713;33400;CLINICA SAN JUAN DE DIOS
2001;S12720;62440;CLINICA SAN JUAN DE DIOS
2001;S12721;56415;CLINICA SAN JUAN DE DIOS
2001;S12722;47685;CLINICA SAN JUAN DE DIOS
2001;S12723;38720;CLINICA SAN JUAN DE DIOS
2001;S12740;62440;CLINICA SAN JUAN DE DIOS
2001;S12741;56425;CLINICA SAN JUAN DE DIOS
2001;S12742;47685;CLINICA SAN JUAN DE DIOS
2001;S12743;38720;CLINICA SAN JUAN DE DIOS
2001;S12750;83795;CLINICA SAN JUAN DE DIOS
2001;S12751;71410;CLINICA SAN JUAN DE DIOS
2001;S12752;59020;CLINICA SAN JUAN DE DIOS
2001;S12753;52875;CLINICA SAN JUAN DE DIOS
2001;S41230;29100;CLINICA SAN JUAN DE DIOS
2001;890201;8755;CLINICA SAN JUAN DE DIOS
2001;965901;3880;CLINICA SAN JUAN DE DIOS
2001;965902;6735;CLINICA SAN JUAN DE DIOS
2001;869500;19675;CLINICA SAN JUAN DE DIOS
2001;990211;3285;CLINICA SAN JUAN DE DIOS
2001;890305;4105;CLINICA SAN JUAN DE DIOS
2001;990113;15330;CLINICA SAN JUAN DE DIOS
2001;993102;775;CLINICA SAN JUAN DE DIOS
2001;993122;775;CLINICA SAN JUAN DE DIOS
2001;993501;775;CLINICA SAN JUAN DE DIOS
2001;993503;775;CLINICA SAN JUAN DE DIOS
2001;993104;775;CLINICA SAN JUAN DE DIOS
2001;990101;1920;CLINICA SAN JUAN DE DIOS
2001;990103;1920;CLINICA SAN JUAN DE DIOS
2001;990104;1920;CLINICA SAN JUAN DE DIOS
2001;990105;1920;CLINICA SAN JUAN DE DIOS
2001;993504;775;CLINICA SAN JUAN DE DIOS
2001;993522;775;CLINICA SAN JUAN DE DIOS
2001;990112;750;CLINICA SAN JUAN DE DIOS
2001;890202;12510;CLINICA SAN JUAN DE DIOS
2001;S31307;880;CLINICA SAN JUAN DE DIOS
2001;S31308;1585;CLINICA SAN JUAN DE DIOS
2001;S33307;2190;CLINICA SAN JUAN DE DIOS
2001;S33308;3950;CLINICA SAN JUAN DE DIOS
2001;993105;775;CLINICA SAN JUAN DE DIOS
2001;890301;8755;CLINICA SAN JUAN DE DIOS
2001;697100;19695;CLINICA SAN JUAN DE DIOS
2001;865101;31750;CLINICA SAN JUAN DE DIOS
2001;865102;38100;CLINICA SAN JUAN DE DIOS
2001;865202;63500;CLINICA SAN JUAN DE DIOS
2001;976500;8790;CLINICA SAN JUAN DE DIOS
2001;579400;8790;CLINICA SAN JUAN DE DIOS
2001;890302;12510;CLINICA SAN JUAN DE DIOS
2001;890206;5480;CLINICA SAN JUAN DE DIOS
2001;938300;5950;CLINICA SAN JUAN DE DIOS
2001;937000;5950;CLINICA SAN JUAN DE DIOS
2001;931000;7785;CLINICA SAN JUAN DE DIOS
2001;939400;8090;CLINICA SAN JUAN DE DIOS
2001;895101;13635;CLINICA SAN JUAN DE DIOS
2001;890306;5480;CLINICA SAN JUAN DE DIOS
2001;890305-1;7000;CLINICA SAN JUAN DE DIOS
2001;890305-2;4500;CLINICA SAN JUAN DE DIOS
2001;M19275;11500;CLINICA SAN JUAN DE DIOS
2001;890301-1;9000;CLINICA SAN JUAN DE DIOS
2001;933700;14000;CLINICA SAN JUAN DE DIOS
2001;890305-3;10000;CLINICA SAN JUAN DE DIOS
2001;M38225;20900;CLINICA SAN JUAN DE DIOS
2001;890313;11100;CLINICA SAN JUAN DE DIOS
2001;890309;11100;CLINICA SAN JUAN DE DIOS
2001;901304;6450;CLINICA SAN JUAN DE DIOS
2001;902107;3660;CLINICA SAN JUAN DE DIOS
2001;902217;3755;CLINICA SAN JUAN DE DIOS
2001;S12710-2;54666;CLINICA SAN JUAN DE DIOS
2001;906625;21000;CLINICA SAN JUAN DE DIOS
2001;890801;7795;CLINICA SAN JUAN DE DIOS
2001;890211;7785;CLINICA SAN JUAN DE DIOS
2001;890311;7785;CLINICA SAN JUAN DE DIOS
2001;890212;8090;CLINICA SAN JUAN DE DIOS
2001;890312;8090;CLINICA SAN JUAN DE DIOS
2001;S55115;10350;CLINICA SAN JUAN DE DIOS
2001;S55118;13290;CLINICA SAN JUAN DE DIOS
2001;23130101;69260;CLINICA SAN JUAN DE DIOS
2001;23130001;54580;CLINICA SAN JUAN DE DIOS
2001;23130006;54580;CLINICA SAN JUAN DE DIOS
2001;23120002;34740;CLINICA SAN JUAN DE DIOS
2001;23010102;15365;CLINICA SAN JUAN DE DIOS
2001;23110002;20925;CLINICA SAN JUAN DE DIOS
2001;26020001;44450;CLINICA SAN JUAN DE DIOS
2001;890606;0;CLINICA SAN JUAN DE DIOS
2001;990204;1920;CLINICA SAN JUAN DE DIOS
2001;938301;5950;CLINICA SAN JUAN DE DIOS
2001;938302;5950;CLINICA SAN JUAN DE DIOS
2001;938501;5950;CLINICA SAN JUAN DE DIOS
2001;938310;5950;CLINICA SAN JUAN DE DIOS
2001;930105;5950;CLINICA SAN JUAN DE DIOS
2001;890602;15095;CLINICA SAN JUAN DE DIOS
2001;890702;18190;CLINICA SAN JUAN DE DIOS
2001;890701;12425;CLINICA SAN JUAN DE DIOS
2001;890601;11245;CLINICA SAN JUAN DE DIOS
2001;890108;9000;CLINICA SAN JUAN DE DIOS
2001;890315;6000;CLINICA SAN JUAN DE DIOS
2001;890209;5580;CLINICA SAN JUAN DE DIOS
2001;70504;2500;CLINICA SAN JUAN DE DIOS
2001;70304;2500;CLINICA SAN JUAN DE DIOS
2001;891401;45000;CLINICA SAN JUAN DE DIOS
2001;S31301;50000;CLINICA SAN JUAN DE DIOS
