Compania;Codigo;Descripcion;Tarifa
CLINICA SAN JUAN DE DIOS;111;CULTIVO DE CEREALES (EXCEPTO ARROZ) LEGUMBRES Y SEMILLAS OLEAGINOSAS;0.3
CLINICA SAN JUAN DE DIOS;112;CULTIVO DE ARROZ;0.3
CLINICA SAN JUAN DE DIOS;113;CULTIVO DE HORTALIZAS RA&Iacute&CES Y TUB&Eacute&RCULOS;0.3
CLINICA SAN JUAN DE DIOS;114;CULTIVO DE TABACO;0.3
CLINICA SAN JUAN DE DIOS;115;CULTIVO DE PLANTAS TEXTILES;0.3
CLINICA SAN JUAN DE DIOS;119;OTROS CULTIVOS TRANSITORIOS N.C.P.;0.3
CLINICA SAN JUAN DE DIOS;121;CULTIVO DE FRUTAS TROPICALES Y SUBTROPICALES;0.3
CLINICA SAN JUAN DE DIOS;122;CULTIVO DE PL&Aacute&TANO Y BANANO;0.3
CLINICA SAN JUAN DE DIOS;123;CULTIVO DE CAF&Eacute&;0.3
CLINICA SAN JUAN DE DIOS;124;CULTIVO DE CA&Ntilde&A DE AZ&Uacute&CAR;0.3
CLINICA SAN JUAN DE DIOS;125;CULTIVO DE FLOR DE CORTE;0.3
CLINICA SAN JUAN DE DIOS;126;CULTIVO DE PALMA PARA ACEITE (PALMA AFRICANA) Y OTROS FRUTOS OLEAGINOSOS;0.3
CLINICA SAN JUAN DE DIOS;127;CULTIVO DE PLANTAS CON LAS QUE SE PREPARAN BEBIDAS;0.3
CLINICA SAN JUAN DE DIOS;128;CULTIVO DE ESPECIAS Y DE PLANTAS AROM&Aacute&TICAS Y MEDICINALES;0.3
CLINICA SAN JUAN DE DIOS;129;OTROS CULTIVOS PERMANENTES N.C.P.;0.3
CLINICA SAN JUAN DE DIOS;130;PROPAGACI&Oacute&N DE PLANTAS (ACTIVIDADES DE LOS VIVEROS EXCEPTO VIVEROS FORESTALES);0.3
CLINICA SAN JUAN DE DIOS;141;CR&Iacute&A DE GANADO BOVINO Y BUFALINO;0.3
CLINICA SAN JUAN DE DIOS;142;CR&Iacute&A DE CABALLOS Y OTROS EQUINOS;0.3
CLINICA SAN JUAN DE DIOS;143;CR&Iacute&A DE OVEJAS Y CABRAS;0.3
CLINICA SAN JUAN DE DIOS;144;CR&Iacute&A DE GANADO PORCINO;0.3
CLINICA SAN JUAN DE DIOS;145;CR&Iacute&A DE AVES DE CORRAL;0.3
CLINICA SAN JUAN DE DIOS;149;CR&Iacute&A DE OTROS ANIMALES N.C.P.;0.3
CLINICA SAN JUAN DE DIOS;150;EXPLOTACI&Oacute&N MIXTA (AGR&Iacute&COLA Y PECUARIA);0.3
CLINICA SAN JUAN DE DIOS;161;ACTIVIDADES DE APOYO A LA AGRICULTURA;0.3
CLINICA SAN JUAN DE DIOS;162;ACTIVIDADES DE APOYO A LA GANADER&Iacute&A;0.3
CLINICA SAN JUAN DE DIOS;163;ACTIVIDADES POSTERIORES A LA COSECHA;0.3
CLINICA SAN JUAN DE DIOS;164;TRATAMIENTO DE SEMILLAS PARA PROPAGACI&Oacute&N;0.3
CLINICA SAN JUAN DE DIOS;170;CAZA ORDINARIA Y MEDIANTE TRAMPAS Y ACTIVIDADES DE SERVICIOS CONEXAS;0.3
CLINICA SAN JUAN DE DIOS;210;SILVICULTURA Y OTRAS ACTIVIDADES FORESTALES;0.3
CLINICA SAN JUAN DE DIOS;220;EXTRACCI&Oacute&N DE MADERA;0.3
CLINICA SAN JUAN DE DIOS;230;RECOLECCI&Oacute&N DE PRODUCTOS FORESTALES DIFERENTES A LA MADERA;0.3
CLINICA SAN JUAN DE DIOS;240;SERVICIOS DE APOYO A LA SILVICULTURA;0.3
CLINICA SAN JUAN DE DIOS;311;PESCA MAR&Iacute&TIMA;0.3
CLINICA SAN JUAN DE DIOS;312;PESCA DE AGUA DULCE;0.3
CLINICA SAN JUAN DE DIOS;321;ACUICULTURA MAR&Iacute&TIMA;0.3
CLINICA SAN JUAN DE DIOS;322;ACUICULTURA DE AGUA DULCE;0.3
CLINICA SAN JUAN DE DIOS;510;EXTRACCI&Oacute&N DE HULLA (CARB&Oacute&N DE PIEDRA);1.5
CLINICA SAN JUAN DE DIOS;520;EXTRACCI&Oacute&N DE CARB&Oacute&N LIGNITO;1.5
CLINICA SAN JUAN DE DIOS;610;EXTRACCI&Oacute&N DE PETR&Oacute&LEO CRUDO;1.5
CLINICA SAN JUAN DE DIOS;620;EXTRACCI&Oacute&N DE GAS NATURAL;1.5
CLINICA SAN JUAN DE DIOS;710;EXTRACCI&Oacute&N DE MINERALES DE HIERRO;1.5
CLINICA SAN JUAN DE DIOS;721;EXTRACCI&Oacute&N DE MINERALES DE URANIO Y DE TORIO;1.5
CLINICA SAN JUAN DE DIOS;722;EXTRACCI&Oacute&N DE ORO Y OTROS METALES PRECIOSOS;1.5
CLINICA SAN JUAN DE DIOS;723;EXTRACCI&Oacute&N DE MINERALES DE N&Iacute&QUEL;1.5
CLINICA SAN JUAN DE DIOS;729;EXTRACCI&Oacute&N DE OTROS MINERALES METAL&Iacute&FEROS NO FERROSOS N.C.P.;1.5
CLINICA SAN JUAN DE DIOS;811;EXTRACCI&Oacute&N DE PIEDRA ARENA ARCILLAS COMUNES YESO Y ANHIDRITA;1.5
CLINICA SAN JUAN DE DIOS;812;EXTRACCI&Oacute&N DE ARCILLAS DE USO INDUSTRIAL CALIZA CAOL&Iacute&N Y BENTONITAS;1.5
CLINICA SAN JUAN DE DIOS;820;EXTRACCI&Oacute&N DE ESMERALDAS PIEDRAS PRECIOSAS Y SEMIPRECIOSAS;1.5
CLINICA SAN JUAN DE DIOS;891;EXTRACCI&Oacute&N DE MINERALES PARA LA FABRICACI&Oacute&N DE ABONOS Y PRODUCTOS QU&Iacute&MICOS;1.5
CLINICA SAN JUAN DE DIOS;892;EXTRACCI&Oacute&N DE HALITA (SAL);1.5
CLINICA SAN JUAN DE DIOS;899;EXTRACCI&Oacute&N DE OTROS MINERALES NO MET&Aacute&LICOS N.C.P.;1.5
CLINICA SAN JUAN DE DIOS;910;ACTIVIDADES DE APOYO PARA LA EXTRACCI&Oacute&N DE PETR&Oacute&LEO Y DE GAS NATURAL;1.5
CLINICA SAN JUAN DE DIOS;990;ACTIVIDADES DE APOYO PARA OTRAS ACTIVIDADES DE EXPLOTACI&Oacute&N DE MINAS Y CANTERAS;1.5
CLINICA SAN JUAN DE DIOS;1011;PROCESAMIENTO Y CONSERVACI&Oacute&N DE CARNE Y PRODUCTOS C&Aacute&RNICOS;0.3
CLINICA SAN JUAN DE DIOS;1012;PROCESAMIENTO Y CONSERVACI&Oacute&N DE PESCADOS CRUST&Aacute&CEOS Y MOLUSCOS;0.3
CLINICA SAN JUAN DE DIOS;1020;PROCESAMIENTO Y CONSERVACI&Oacute&N DE FRUTAS LEGUMBRES HORTALIZAS Y TUB&Eacute&RCULOS;0.3
CLINICA SAN JUAN DE DIOS;1030;ELABORACI&Oacute&N DE ACEITES Y GRASAS DE ORIGEN VEGETAL Y ANIMAL;0.3
CLINICA SAN JUAN DE DIOS;1040;ELABORACI&Oacute&N DE PRODUCTOS L&Aacute&CTEOS;0.3
CLINICA SAN JUAN DE DIOS;1051;ELABORACI&Oacute&N DE PRODUCTOS DE MOLINER&Iacute&A;0.3
CLINICA SAN JUAN DE DIOS;1052;ELABORACI&Oacute&N DE ALMIDONES Y PRODUCTOS DERIVADOS DEL ALMID&Oacute&N;0.3
CLINICA SAN JUAN DE DIOS;1061;TRILLA DE CAF&Eacute&;0.3
CLINICA SAN JUAN DE DIOS;1062;DESCAFEINADO TOSTI&Oacute&N Y MOLIENDA DEL CAF&Eacute&;0.3
CLINICA SAN JUAN DE DIOS;1063;OTROS DERIVADOS DEL CAF&Eacute&;0.3
CLINICA SAN JUAN DE DIOS;1071;ELABORACI&Oacute&N Y REFINACI&Oacute&N DE AZ&Uacute&CAR;0.3
CLINICA SAN JUAN DE DIOS;1072;ELABORACI&Oacute&N DE PANELA;0.3
CLINICA SAN JUAN DE DIOS;1081;ELABORACI&Oacute&N DE PRODUCTOS DE PANADER&Iacute&A;0.3
CLINICA SAN JUAN DE DIOS;1082;ELABORACI&Oacute&N DE CACAO CHOCOLATE Y PRODUCTOS DE CONFITER&Iacute&A;0.3
CLINICA SAN JUAN DE DIOS;1083;ELABORACI&Oacute&N DE MACARRONES FIDEOS ALCUZCUZ Y PRODUCTOS FARIN&Aacute&CEOS SIMILARES;0.3
CLINICA SAN JUAN DE DIOS;1084;ELABORACI&Oacute&N DE COMIDAS Y PLATOS PREPARADOS;0.3
CLINICA SAN JUAN DE DIOS;1089;ELABORACI&Oacute&N DE OTROS PRODUCTOS ALIMENTICIOS N.C.P.;0.3
CLINICA SAN JUAN DE DIOS;1090;ELABORACI&Oacute&N DE ALIMENTOS PREPARADOS PARA ANIMALES;0.3
CLINICA SAN JUAN DE DIOS;1101;DESTILACI&Oacute&N RECTIFICACI&Oacute&N Y MEZCLA DE BEBIDAS ALCOH&Oacute&LICAS;0.3
CLINICA SAN JUAN DE DIOS;1102;ELABORACI&Oacute&N DE BEBIDAS FERMENTADAS NO DESTILADAS;0.3
CLINICA SAN JUAN DE DIOS;1103;PRODUCCI&Oacute&N DE MALTA ELABORACI&Oacute&N DE CERVEZAS Y OTRAS BEBIDAS MALTEADAS;0.3
CLINICA SAN JUAN DE DIOS;1104;ELABORACI&Oacute&N DE BEBIDAS NO ALCOH&Oacute&LICAS PRODUCCI&Oacute&N DE AGUAS MINERALES Y DE OTRAS AGUAS EMBOTELLADAS;0.3
CLINICA SAN JUAN DE DIOS;1200;ELABORACI&Oacute&N DE PRODUCTOS DE TABACO;0.3
CLINICA SAN JUAN DE DIOS;1311;PREPARACI&Oacute&N E HILATURA DE FIBRAS TEXTILES;0.3
CLINICA SAN JUAN DE DIOS;1312;TEJEDUR&Iacute&A DE PRODUCTOS TEXTILES;0.3
CLINICA SAN JUAN DE DIOS;1313;ACABADO DE PRODUCTOS TEXTILES;0.3
CLINICA SAN JUAN DE DIOS;1391;FABRICACI&Oacute&N DE TEJIDOS DE PUNTO Y GANCHILLO;0.3
CLINICA SAN JUAN DE DIOS;1392;CONFECCI&Oacute&N DE ART&Iacute&CULOS CON MATERIALES TEXTILES EXCEPTO PRENDAS DE VESTIR;0.3
CLINICA SAN JUAN DE DIOS;1393;FABRICACI&Oacute&N DE TAPETES Y ALFOMBRAS PARA PISOS;0.3
CLINICA SAN JUAN DE DIOS;1394;FABRICACI&Oacute&N DE CUERDAS CORDELES CABLES BRAMANTES Y REDES;0.3
CLINICA SAN JUAN DE DIOS;1399;FABRICACI&Oacute&N DE OTROS ART&Iacute&CULOS TEXTILES N.C.P.;0.3
CLINICA SAN JUAN DE DIOS;1410;CONFECCI&Oacute&N DE PRENDAS DE VESTIR EXCEPTO PRENDAS DE PIEL;0.3
CLINICA SAN JUAN DE DIOS;1420;FABRICACI&Oacute&N DE ART&Iacute&CULOS DE PIEL;0.3
CLINICA SAN JUAN DE DIOS;1430;FABRICACI&Oacute&N DE ART&Iacute&CULOS DE PUNTO Y GANCHILLO;0.3
CLINICA SAN JUAN DE DIOS;1511;"CURTIDO Y RECURTIDO DE CUEROS; RECURTIDO Y TE&Ntilde&IDO DE PIELES";0.3
CLINICA SAN JUAN DE DIOS;1512;FABRICACI&Oacute&N DE ART&Iacute&CULOS DE VIAJE BOLSOS DE MANO Y ART&Iacute&CULOS SIMILARES ELABORADOS EN CUERO Y FABRICACI&Oacute&N DE ART&Iacute&CULOS DE TALABARTER&Iacute&A Y GUARNICIONER&Iacute&A.;0.3
CLINICA SAN JUAN DE DIOS;1513;"FABRICACI&Oacute&N DE ART&Iacute&CULOS DE VIAJE BOLSOS DE MANO Y ART&Iacute&CULOS SIMILARES; ART&Iacute&CULOS DE TALABARTER&Iacute&A Y GUARNICIONER&Iacute&A ELABORADOS EN OTROS MATERIALES.";0.3
CLINICA SAN JUAN DE DIOS;1521;FABRICACI&Oacute&N DE CALZADO DE CUERO Y PIEL CON CUALQUIER TIPO DE SUELA;0.3
CLINICA SAN JUAN DE DIOS;1522;FABRICACI&Oacute&N DE OTROS TIPOS DE CALZADO EXCEPTO CALZADO DE CUERO Y PIEL;0.3
CLINICA SAN JUAN DE DIOS;1523;FABRICACI&Oacute&N DE PARTES DEL CALZADO;0.3
CLINICA SAN JUAN DE DIOS;1610;ASERRADO ACEPILLADO E IMPREGNACI&Oacute&N DE LA MADERA;0.3
CLINICA SAN JUAN DE DIOS;1620;"FABRICACI&Oacute&N DE HOJAS DE MADERA PARA ENCHAPADO; FABRICACI&Oacute&N DE TABLEROS CONTRACHAPADOS TABLEROS LAMINADOS TABLEROS DE PART&Iacute&CULAS Y OTROS TABLEROS Y PANELES.";0.3
CLINICA SAN JUAN DE DIOS;1630;FABRICACI&Oacute&N DE PARTES Y PIEZAS DE MADERA DE CARPINTER&Iacute&A Y EBANISTER&Iacute&A PARA LA CONSTRUCCI&Oacute&N;0.3
CLINICA SAN JUAN DE DIOS;1640;FABRICACI&Oacute&N DE RECIPIENTES DE MADERA;0.3
CLINICA SAN JUAN DE DIOS;1690;"FABRICACI&Oacute&N DE OTROS PRODUCTOS DE MADERA; FABRICACI&Oacute&N DE ART&Iacute&CULOS DE CORCHO CESTER&Iacute&A Y ESPARTER&Iacute&A";0.3
CLINICA SAN JUAN DE DIOS;1701;"FABRICACI&Oacute&N DE PULPAS (PASTAS) CELUL&Oacute&SICAS; PAPEL Y CART&Oacute&N";0.3
CLINICA SAN JUAN DE DIOS;1702;"FABRICACI&Oacute&N DE PAPEL Y CART&Oacute&N ONDULADO (CORRUGADO); FABRICACI&Oacute&N DE ENVASES EMPAQUES Y DE EMBALAJES DE PAPEL Y CART&Oacute&N.";0.3
CLINICA SAN JUAN DE DIOS;1709;FABRICACI&Oacute&N DE OTROS ART&Iacute&CULOS DE PAPEL Y CART&Oacute&N;0.3
CLINICA SAN JUAN DE DIOS;1811;ACTIVIDADES DE IMPRESI&Oacute&N;0.3
CLINICA SAN JUAN DE DIOS;1812;ACTIVIDADES DE SERVICIOS RELACIONADOS CON LA IMPRESI&Oacute&N;0.3
CLINICA SAN JUAN DE DIOS;1820;PRODUCCI&Oacute&N DE COPIAS A PARTIR DE GRABACIONES ORIGINALES;0.3
CLINICA SAN JUAN DE DIOS;1910;FABRICACI&Oacute&N DE PRODUCTOS DE HORNOS DE COQUE;0.3
CLINICA SAN JUAN DE DIOS;1921;FABRICACI&Oacute&N DE PRODUCTOS DE LA REFINACI&Oacute&N DEL PETR&Oacute&LEO;0.3
CLINICA SAN JUAN DE DIOS;1922;ACTIVIDAD DE MEZCLA DE COMBUSTIBLES;0.3
CLINICA SAN JUAN DE DIOS;2011;FABRICACI&Oacute&N DE SUSTANCIAS Y PRODUCTOS QU&Iacute&MICOS B&Aacute&SICOS;0.3
CLINICA SAN JUAN DE DIOS;2012;FABRICACI&Oacute&N DE ABONOS Y COMPUESTOS INORG&Aacute&NICOS NITROGENADOS;0.3
CLINICA SAN JUAN DE DIOS;2013;FABRICACI&Oacute&N DE PL&Aacute&STICOS EN FORMAS PRIMARIAS;0.3
CLINICA SAN JUAN DE DIOS;2014;FABRICACI&Oacute&N DE CAUCHO SINT&Eacute&TICO EN FORMAS PRIMARIAS;0.3
CLINICA SAN JUAN DE DIOS;2021;FABRICACI&Oacute&N DE PLAGUICIDAS Y OTROS PRODUCTOS QU&Iacute&MICOS DE USO AGROPECUARIO;0.3
CLINICA SAN JUAN DE DIOS;2022;FABRICACI&Oacute&N DE PINTURAS BARNICES Y REVESTIMIENTOS SIMILARES TINTAS PARA IMPRESI&Oacute&N Y MASILLAS;0.3
CLINICA SAN JUAN DE DIOS;2023;"FABRICACI&Oacute&N DE JABONES Y DETERGENTES PREPARADOS PARA LIMPIAR Y PULIR; PERFUMES Y PREPARADOS DE TOCADOR";0.3
CLINICA SAN JUAN DE DIOS;2029;FABRICACI&Oacute&N DE OTROS PRODUCTOS QU&Iacute&MICOS N.C.P.;0.3
CLINICA SAN JUAN DE DIOS;2030;FABRICACI&Oacute&N DE FIBRAS SINT&Eacute&TICAS Y ARTIFICIALES;0.3
CLINICA SAN JUAN DE DIOS;2100;FABRICACI&Oacute&N DE PRODUCTOS FARMAC&Eacute&UTICOS SUSTANCIAS QU&Iacute&MICAS MEDICINALES Y PRODUCTOS BOT&Aacute&NICOS DE USO FARMAC&Eacute&UTICO;0.3
CLINICA SAN JUAN DE DIOS;2211;FABRICACI&Oacute&N DE LLANTAS Y NEUM&Aacute&TICOS DE CAUCHO;0.3
CLINICA SAN JUAN DE DIOS;2212;REENCAUCHE DE LLANTAS USADAS;0.3
CLINICA SAN JUAN DE DIOS;2219;FABRICACI&Oacute&N DE FORMAS B&Aacute&SICAS DE CAUCHO Y OTROS PRODUCTOS DE CAUCHO N.C.P.;0.3
CLINICA SAN JUAN DE DIOS;2221;FABRICACI&Oacute&N DE FORMAS B&Aacute&SICAS DE PL&Aacute&STICO;0.3
CLINICA SAN JUAN DE DIOS;2229;FABRICACI&Oacute&N DE ART&Iacute&CULOS DE PL&Aacute&STICO N.C.P.;0.3
CLINICA SAN JUAN DE DIOS;2310;FABRICACI&Oacute&N DE VIDRIO Y PRODUCTOS DE VIDRIO;0.3
CLINICA SAN JUAN DE DIOS;2391;FABRICACI&Oacute&N DE PRODUCTOS REFRACTARIOS;0.3
CLINICA SAN JUAN DE DIOS;2392;FABRICACI&Oacute&N DE MATERIALES DE ARCILLA PARA LA CONSTRUCCI&Oacute&N;0.3
CLINICA SAN JUAN DE DIOS;2393;FABRICACI&Oacute&N DE OTROS PRODUCTOS DE CER&Aacute&MICA Y PORCELANA;0.3
CLINICA SAN JUAN DE DIOS;2394;FABRICACI&Oacute&N DE CEMENTO CAL Y YESO;0.3
CLINICA SAN JUAN DE DIOS;2395;FABRICACI&Oacute&N DE ART&Iacute&CULOS DE HORMIG&Oacute&N CEMENTO Y YESO;0.3
CLINICA SAN JUAN DE DIOS;2396;CORTE TALLADO Y ACABADO DE LA PIEDRA;0.3
CLINICA SAN JUAN DE DIOS;2399;FABRICACI&Oacute&N DE OTROS PRODUCTOS MINERALES NO MET&Aacute&LICOS N.C.P.;0.3
CLINICA SAN JUAN DE DIOS;2410;INDUSTRIAS B&Aacute&SICAS DE HIERRO Y DE ACERO;0.3
CLINICA SAN JUAN DE DIOS;2421;INDUSTRIAS B&Aacute&SICAS DE METALES PRECIOSOS;0.3
CLINICA SAN JUAN DE DIOS;2429;INDUSTRIAS B&Aacute&SICAS DE OTROS METALES NO FERROSOS;0.3
CLINICA SAN JUAN DE DIOS;2431;FUNDICI&Oacute&N DE HIERRO Y DE ACERO;0.3
CLINICA SAN JUAN DE DIOS;2432;FUNDICI&Oacute&N DE METALES NO FERROSOS;0.3
CLINICA SAN JUAN DE DIOS;2511;FABRICACI&Oacute&N DE PRODUCTOS MET&Aacute&LICOS PARA USO ESTRUCTURAL;0.3
CLINICA SAN JUAN DE DIOS;2512;FABRICACI&Oacute&N DE TANQUES DEP&Oacute&SITOS Y RECIPIENTES DE METAL EXCEPTO LOS UTILIZADOS PARA EL ENVASE O TRANSPORTE DE MERCANC&Iacute&AS;0.3
CLINICA SAN JUAN DE DIOS;2513;FABRICACI&Oacute&N DE GENERADORES DE VAPOR EXCEPTO CALDERAS DE AGUA CALIENTE PARA CALEFACCI&Oacute&N CENTRAL;0.3
CLINICA SAN JUAN DE DIOS;2520;FABRICACI&Oacute&N DE ARMAS Y MUNICIONES;0.3
CLINICA SAN JUAN DE DIOS;2591;"FORJA PRENSADO ESTAMPADO Y LAMINADO DE METAL; PULVIMETALURGIA";0.3
CLINICA SAN JUAN DE DIOS;2592;"TRATAMIENTO Y REVESTIMIENTO DE METALES; MECANIZADO";0.3
CLINICA SAN JUAN DE DIOS;2593;FABRICACI&Oacute&N DE ART&Iacute&CULOS DE CUCHILLER&Iacute&A HERRAMIENTAS DE MANO Y ART&Iacute&CULOS DE FERRETER&Iacute&A;0.3
CLINICA SAN JUAN DE DIOS;2599;FABRICACI&Oacute&N DE OTROS PRODUCTOS ELABORADOS DE METAL N.C.P.;0.3
CLINICA SAN JUAN DE DIOS;2610;FABRICACI&Oacute&N DE COMPONENTES Y TABLEROS ELECTR&Oacute&NICOS;0.3
CLINICA SAN JUAN DE DIOS;2620;FABRICACI&Oacute&N DE COMPUTADORAS Y DE EQUIPO PERIF&Eacute&RICO;0.3
CLINICA SAN JUAN DE DIOS;2630;FABRICACI&Oacute&N DE EQUIPOS DE COMUNICACI&Oacute&N;0.3
CLINICA SAN JUAN DE DIOS;2640;FABRICACI&Oacute&N DE APARATOS ELECTR&Oacute&NICOS DE CONSUMO;0.3
CLINICA SAN JUAN DE DIOS;2651;FABRICACI&Oacute&N DE EQUIPO DE MEDICI&Oacute&N PRUEBA NAVEGACI&Oacute&N Y CONTROL;0.3
CLINICA SAN JUAN DE DIOS;2652;FABRICACI&Oacute&N DE RELOJES;0.3
CLINICA SAN JUAN DE DIOS;2660;FABRICACI&Oacute&N DE EQUIPO DE IRRADIACI&Oacute&N Y EQUIPO ELECTR&Oacute&NICO DE USO M&Eacute&DICO Y TERAP&Eacute&UTICO;0.3
CLINICA SAN JUAN DE DIOS;2670;FABRICACI&Oacute&N DE INSTRUMENTOS &Oacute&PTICOS Y EQUIPO FOTOGR&Aacute&FICO;0.3
CLINICA SAN JUAN DE DIOS;2680;FABRICACI&Oacute&N DE MEDIOS MAGN&Eacute&TICOS Y &Oacute&PTICOS PARA ALMACENAMIENTO DE DATOS;0.3
CLINICA SAN JUAN DE DIOS;2711;FABRICACI&Oacute&N DE MOTORES GENERADORES Y TRANSFORMADORES EL&Eacute&CTRICOS;0.3
CLINICA SAN JUAN DE DIOS;2712;FABRICACI&Oacute&N DE APARATOS DE DISTRIBUCI&Oacute&N Y CONTROL DE LA ENERG&Iacute&A EL&Eacute&CTRICA;0.3
CLINICA SAN JUAN DE DIOS;2720;FABRICACI&Oacute&N DE PILAS BATER&Iacute&AS Y ACUMULADORES EL&Eacute&CTRICOS;0.3
CLINICA SAN JUAN DE DIOS;2731;FABRICACI&Oacute&N DE HILOS Y CABLES EL&Eacute&CTRICOS Y DE FIBRA &Oacute&PTICA;0.3
CLINICA SAN JUAN DE DIOS;2732;FABRICACI&Oacute&N DE DISPOSITIVOS DE CABLEADO;0.3
CLINICA SAN JUAN DE DIOS;2740;FABRICACI&Oacute&N DE EQUIPOS EL&Eacute&CTRICOS DE ILUMINACI&Oacute&N;0.3
CLINICA SAN JUAN DE DIOS;2750;FABRICACI&Oacute&N DE APARATOS DE USO DOM&Eacute&STICO;0.3
CLINICA SAN JUAN DE DIOS;2790;FABRICACI&Oacute&N DE OTROS TIPOS DE EQUIPO EL&Eacute&CTRICO N.C.P.;0.3
CLINICA SAN JUAN DE DIOS;2811;FABRICACI&Oacute&N DE MOTORES TURBINAS Y PARTES PARA MOTORES DE COMBUSTI&Oacute&N INTERNA;0.3
CLINICA SAN JUAN DE DIOS;2812;FABRICACI&Oacute&N DE EQUIPOS DE POTENCIA HIDR&Aacute&ULICA Y NEUM&Aacute&TICA;0.3
CLINICA SAN JUAN DE DIOS;2813;FABRICACI&Oacute&N DE OTRAS BOMBAS COMPRESORES GRIFOS Y V&Aacute&LVULAS;0.3
CLINICA SAN JUAN DE DIOS;2814;FABRICACI&Oacute&N DE COJINETES ENGRANAJES TRENES DE ENGRANAJES Y PIEZAS DE TRANSMISI&Oacute&N;0.3
CLINICA SAN JUAN DE DIOS;2815;FABRICACI&Oacute&N DE HORNOS HOGARES Y QUEMADORES INDUSTRIALES;0.3
CLINICA SAN JUAN DE DIOS;2816;FABRICACI&Oacute&N DE EQUIPO DE ELEVACI&Oacute&N Y MANIPULACI&Oacute&N;0.3
CLINICA SAN JUAN DE DIOS;2817;FABRICACI&Oacute&N DE MAQUINARIA Y EQUIPO DE OFICINA (EXCEPTO COMPUTADORAS Y EQUIPO PERIF&Eacute&RICO);0.3
CLINICA SAN JUAN DE DIOS;2818;FABRICACI&Oacute&N DE HERRAMIENTAS MANUALES CON MOTOR;0.3
CLINICA SAN JUAN DE DIOS;2819;FABRICACI&Oacute&N DE OTROS TIPOS DE MAQUINARIA Y EQUIPO DE USO GENERAL N.C.P.;0.3
CLINICA SAN JUAN DE DIOS;2821;FABRICACI&Oacute&N DE MAQUINARIA AGROPECUARIA Y FORESTAL;0.3
CLINICA SAN JUAN DE DIOS;2822;FABRICACI&Oacute&N DE M&Aacute&QUINAS FORMADORAS DE METAL Y DE M&Aacute&QUINAS HERRAMIENTA;0.3
CLINICA SAN JUAN DE DIOS;2823;FABRICACI&Oacute&N DE MAQUINARIA PARA LA METALURGIA;0.3
CLINICA SAN JUAN DE DIOS;2824;FABRICACI&Oacute&N DE MAQUINARIA PARA EXPLOTACI&Oacute&N DE MINAS Y CANTERAS Y PARA OBRAS DE CONSTRUCCI&Oacute&N;0.3
CLINICA SAN JUAN DE DIOS;2825;FABRICACI&Oacute&N DE MAQUINARIA PARA LA ELABORACI&Oacute&N DE ALIMENTOS BEBIDAS Y TABACO;0.3
CLINICA SAN JUAN DE DIOS;2826;FABRICACI&Oacute&N DE MAQUINARIA PARA LA ELABORACI&Oacute&N DE PRODUCTOS TEXTILES PRENDAS DE VESTIR Y CUEROS;0.3
CLINICA SAN JUAN DE DIOS;2829;FABRICACI&Oacute&N DE OTROS TIPOS DE MAQUINARIA Y EQUIPO DE USO ESPECIAL N.C.P.;0.3
CLINICA SAN JUAN DE DIOS;2910;FABRICACI&Oacute&N DE VEH&Iacute&CULOS AUTOMOTORES Y SUS MOTORES;0.3
CLINICA SAN JUAN DE DIOS;2920;"FABRICACI&Oacute&N DE CARROCER&Iacute&AS PARA VEH&Iacute&CULOS AUTOMOTORES; FABRICACI&Oacute&N DE REMOLQUES Y SEMIRREMOLQUES";0.3
CLINICA SAN JUAN DE DIOS;2930;FABRICACI&Oacute&N DE PARTES PIEZAS (AUTOPARTES) Y ACCESORIOS (LUJOS) PARA VEH&Iacute&CULOS AUTOMOTORES;0.3
CLINICA SAN JUAN DE DIOS;3011;CONSTRUCCI&Oacute&N DE BARCOS Y DE ESTRUCTURAS FLOTANTES;0.3
CLINICA SAN JUAN DE DIOS;3012;CONSTRUCCI&Oacute&N DE EMBARCACIONES DE RECREO Y DEPORTE;0.3
CLINICA SAN JUAN DE DIOS;3020;FABRICACI&Oacute&N DE LOCOMOTORAS Y DE MATERIAL RODANTE PARA FERROCARRILES;0.3
CLINICA SAN JUAN DE DIOS;3030;FABRICACI&Oacute&N DE AERONAVES NAVES ESPACIALES Y DE MAQUINARIA CONEXA;0.3
CLINICA SAN JUAN DE DIOS;3040;FABRICACI&Oacute&N DE VEH&Iacute&CULOS MILITARES DE COMBATE;0.3
CLINICA SAN JUAN DE DIOS;3091;FABRICACI&Oacute&N DE MOTOCICLETAS;0.3
CLINICA SAN JUAN DE DIOS;3092;FABRICACI&Oacute&N DE BICICLETAS Y DE SILLAS DE RUEDAS PARA PERSONAS CON DISCAPACIDAD;0.3
CLINICA SAN JUAN DE DIOS;3099;FABRICACI&Oacute&N DE OTROS TIPOS DE EQUIPO DE TRANSPORTE N.C.P.;0.3
CLINICA SAN JUAN DE DIOS;3110;FABRICACI&Oacute&N DE MUEBLES;0.3
CLINICA SAN JUAN DE DIOS;3120;FABRICACI&Oacute&N DE COLCHONES Y SOMIERES;0.3
CLINICA SAN JUAN DE DIOS;3210;FABRICACI&Oacute&N DE JOYAS BISUTER&Iacute&A Y ART&Iacute&CULOS CONEXOS;0.3
CLINICA SAN JUAN DE DIOS;3220;FABRICACI&Oacute&N DE INSTRUMENTOS MUSICALES;0.3
CLINICA SAN JUAN DE DIOS;3230;FABRICACI&Oacute&N DE ART&Iacute&CULOS Y EQUIPO PARA LA PR&Aacute&CTICA DEL DEPORTE;0.3
CLINICA SAN JUAN DE DIOS;3240;FABRICACI&Oacute&N DE JUEGOS JUGUETES Y ROMPECABEZAS;0.3
CLINICA SAN JUAN DE DIOS;3250;FABRICACI&Oacute&N DE INSTRUMENTOS APARATOS Y MATERIALES M&Eacute&DICOS Y ODONTOL&Oacute&GICOS (INCLUIDO MOBILIARIO);0.3
CLINICA SAN JUAN DE DIOS;3290;OTRAS INDUSTRIAS MANUFACTURERAS N.C.P.;0.3
CLINICA SAN JUAN DE DIOS;3311;MANTENIMIENTO Y REPARACI&Oacute&N ESPECIALIZADO DE PRODUCTOS ELABORADOS EN METAL;0.3
CLINICA SAN JUAN DE DIOS;3312;MANTENIMIENTO Y REPARACI&Oacute&N ESPECIALIZADO DE MAQUINARIA Y EQUIPO;0.3
CLINICA SAN JUAN DE DIOS;3313;MANTENIMIENTO Y REPARACI&Oacute&N ESPECIALIZADO DE EQUIPO ELECTR&Oacute&NICO Y &Oacute&PTICO;0.3
CLINICA SAN JUAN DE DIOS;3314;MANTENIMIENTO Y REPARACI&Oacute&N ESPECIALIZADO DE EQUIPO EL&Eacute&CTRICO;0.3
CLINICA SAN JUAN DE DIOS;3315;MANTENIMIENTO Y REPARACI&Oacute&N ESPECIALIZADO DE EQUIPO DE TRANSPORTE EXCEPTO LOS VEH&Iacute&CULOS AUTOMOTORES MOTOCICLETAS Y BICICLETAS;0.3
CLINICA SAN JUAN DE DIOS;3319;MANTENIMIENTO Y REPARACI&Oacute&N DE OTROS TIPOS DE EQUIPOS Y SUS COMPONENTES N.C.P.;0.3
CLINICA SAN JUAN DE DIOS;3320;INSTALACI&Oacute&N ESPECIALIZADA DE MAQUINARIA Y EQUIPO INDUSTRIAL;0.3
CLINICA SAN JUAN DE DIOS;3511;GENERACI&Oacute&N DE ENERG&Iacute&A EL&Eacute&CTRICA;1.5
CLINICA SAN JUAN DE DIOS;3512;TRANSMISI&Oacute&N DE ENERG&Iacute&A EL&Eacute&CTRICA;1.5
CLINICA SAN JUAN DE DIOS;3513;DISTRIBUCI&Oacute&N DE ENERG&Iacute&A EL&Eacute&CTRICA;1.5
CLINICA SAN JUAN DE DIOS;3514;COMERCIALIZACI&Oacute&N DE ENERG&Iacute&A EL&Eacute&CTRICA;1.5
CLINICA SAN JUAN DE DIOS;3520;"PRODUCCI&Oacute&N DE GAS; DISTRIBUCI&Oacute&N DE COMBUSTIBLES GASEOSOS POR TUBER&Iacute&AS";1.5
CLINICA SAN JUAN DE DIOS;3530;SUMINISTRO DE VAPOR Y AIRE ACONDICIONADO;1.5
CLINICA SAN JUAN DE DIOS;3600;CAPTACI&Oacute&N TRATAMIENTO Y DISTRIBUCI&Oacute&N DE AGUA;1.5
CLINICA SAN JUAN DE DIOS;3700;EVACUACI&Oacute&N Y TRATAMIENTO DE AGUAS RESIDUALES;1.5
CLINICA SAN JUAN DE DIOS;3811;RECOLECCI&Oacute&N DE DESECHOS NO PELIGROSOS;1.5
CLINICA SAN JUAN DE DIOS;3812;RECOLECCI&Oacute&N DE DESECHOS PELIGROSOS;1.5
CLINICA SAN JUAN DE DIOS;3821;TRATAMIENTO Y DISPOSICI&Oacute&N DE DESECHOS NO PELIGROSOS;1.5
CLINICA SAN JUAN DE DIOS;3822;TRATAMIENTO Y DISPOSICI&Oacute&N DE DESECHOS PELIGROSOS;1.5
CLINICA SAN JUAN DE DIOS;3830;RECUPERACI&Oacute&N DE MATERIALES;1.5
CLINICA SAN JUAN DE DIOS;3900;ACTIVIDADES DE SANEAMIENTO AMBIENTAL Y OTROS SERVICIOS DE GESTI&Oacute&N DE DESECHOS;1.5
CLINICA SAN JUAN DE DIOS;4111;CONSTRUCCI&Oacute&N DE EDIFICIOS RESIDENCIALES;0.6
CLINICA SAN JUAN DE DIOS;4112;CONSTRUCCI&Oacute&N DE EDIFICIOS NO RESIDENCIALES;0.6
CLINICA SAN JUAN DE DIOS;4210;CONSTRUCCI&Oacute&N DE CARRETERAS Y V&Iacute&AS DE FERROCARRIL;0.6
CLINICA SAN JUAN DE DIOS;4220;CONSTRUCCI&Oacute&N DE PROYECTOS DE SERVICIO P&Uacute&BLICO;0.6
CLINICA SAN JUAN DE DIOS;4290;CONSTRUCCI&Oacute&N DE OTRAS OBRAS DE INGENIER&Iacute&A CIVIL;0.6
CLINICA SAN JUAN DE DIOS;4311;DEMOLICI&Oacute&N;0.6
CLINICA SAN JUAN DE DIOS;4312;PREPARACI&Oacute&N DEL TERRENO;0.6
CLINICA SAN JUAN DE DIOS;4321;INSTALACIONES EL&Eacute&CTRICAS;0.6
CLINICA SAN JUAN DE DIOS;4322;INSTALACIONES DE FONTANER&Iacute&A CALEFACCI&Oacute&N Y AIRE ACONDICIONADO;0.6
CLINICA SAN JUAN DE DIOS;4329;OTRAS INSTALACIONES ESPECIALIZADAS;0.6
CLINICA SAN JUAN DE DIOS;4330;TERMINACI&Oacute&N Y ACABADO DE EDIFICIOS Y OBRAS DE INGENIER&Iacute&A CIVIL;0.6
CLINICA SAN JUAN DE DIOS;4390;OTRAS ACTIVIDADES ESPECIALIZADAS PARA LA CONSTRUCCI&Oacute&N DE EDIFICIOS Y OBRAS DE INGENIER&Iacute&A CIVIL;0.6
CLINICA SAN JUAN DE DIOS;4511;COMERCIO DE VEH&Iacute&CULOS AUTOMOTORES NUEVOS;0.3
CLINICA SAN JUAN DE DIOS;4512;COMERCIO DE VEH&Iacute&CULOS AUTOMOTORES USADOS;0.3
CLINICA SAN JUAN DE DIOS;4520;MANTENIMIENTO Y REPARACI&Oacute&N DE VEH&Iacute&CULOS AUTOMOTORES;0.3
CLINICA SAN JUAN DE DIOS;4530;COMERCIO DE PARTES PIEZAS (AUTOPARTES) Y ACCESORIOS (LUJOS) PARA VEH&Iacute&CULOS AUTOMOTORES;0.3
CLINICA SAN JUAN DE DIOS;4541;COMERCIO DE MOTOCICLETAS Y DE SUS PARTES PIEZAS Y ACCESORIOS;0.3
CLINICA SAN JUAN DE DIOS;4542;MANTENIMIENTO Y REPARACI&Oacute&N DE MOTOCICLETAS Y DE SUS PARTES Y PIEZAS;0.3
CLINICA SAN JUAN DE DIOS;4610;COMERCIO AL POR MAYOR A CAMBIO DE UNA RETRIBUCI&Oacute&N O POR CONTRATA;0.3
CLINICA SAN JUAN DE DIOS;4620;"COMERCIO AL POR MAYOR DE MATERIAS PRIMAS AGROPECUARIAS; ANIMALES VIVOS";0.3
CLINICA SAN JUAN DE DIOS;4631;COMERCIO AL POR MAYOR DE PRODUCTOS ALIMENTICIOS;0.3
CLINICA SAN JUAN DE DIOS;4632;COMERCIO AL POR MAYOR DE BEBIDAS Y TABACO;0.3
CLINICA SAN JUAN DE DIOS;4641;COMERCIO AL POR MAYOR DE PRODUCTOS TEXTILES PRODUCTOS CONFECCIONADOS PARA USO DOM&Eacute&STICO;0.3
CLINICA SAN JUAN DE DIOS;4642;COMERCIO AL POR MAYOR DE PRENDAS DE VESTIR;0.3
CLINICA SAN JUAN DE DIOS;4643;COMERCIO AL POR MAYOR DE CALZADO;0.3
CLINICA SAN JUAN DE DIOS;4644;COMERCIO AL POR MAYOR DE APARATOS Y EQUIPO DE USO DOM&Eacute&STICO;0.3
CLINICA SAN JUAN DE DIOS;4645;COMERCIO AL POR MAYOR DE PRODUCTOS FARMAC&Eacute&UTICOS MEDICINALES COSM&Eacute&TICOS Y DE TOCADOR;0.3
CLINICA SAN JUAN DE DIOS;4649;COMERCIO AL POR MAYOR DE OTROS UTENSILIOS DOM&Eacute&STICOS N.C.P.;0.3
CLINICA SAN JUAN DE DIOS;4651;COMERCIO AL POR MAYOR DE COMPUTADORES EQUIPO PERIF&Eacute&RICO Y PROGRAMAS DE INFORM&Aacute&TICA;0.3
CLINICA SAN JUAN DE DIOS;4652;COMERCIO AL POR MAYOR DE EQUIPO PARTES Y PIEZAS ELECTR&Oacute&NICOS Y DE TELECOMUNICACIONES;0.3
CLINICA SAN JUAN DE DIOS;4653;COMERCIO AL POR MAYOR DE MAQUINARIA Y EQUIPO AGROPECUARIOS;0.3
CLINICA SAN JUAN DE DIOS;4659;COMERCIO AL POR MAYOR DE OTROS TIPOS DE MAQUINARIA Y EQUIPO N.C.P.;0.3
CLINICA SAN JUAN DE DIOS;4661;COMERCIO AL POR MAYOR DE COMBUSTIBLES S&Oacute&LIDOS L&Iacute&QUIDOS GASEOSOS Y PRODUCTOS CONEXOS;0.3
CLINICA SAN JUAN DE DIOS;4662;COMERCIO AL POR MAYOR DE METALES Y PRODUCTOS METAL&Iacute&FEROS;0.3
CLINICA SAN JUAN DE DIOS;4663;COMERCIO AL POR MAYOR DE MATERIALES DE CONSTRUCCI&Oacute&N ART&Iacute&CULOS DE FERRETER&Iacute&A PINTURAS PRODUCTOS DE VIDRIO EQUIPO Y MATERIALES DE FONTANER&Iacute&A Y CALEFACCI&Oacute&N;0.3
CLINICA SAN JUAN DE DIOS;4664;COMERCIO AL POR MAYOR DE PRODUCTOS QU&Iacute&MICOS B&Aacute&SICOS CAUCHOS Y PL&Aacute&STICOS EN FORMAS PRIMARIAS Y PRODUCTOS QU&Iacute&MICOS DE USO AGROPECUARIO;0.3
CLINICA SAN JUAN DE DIOS;4665;COMERCIO AL POR MAYOR DE DESPERDICIOS DESECHOS Y CHATARRA;0.3
CLINICA SAN JUAN DE DIOS;4669;COMERCIO AL POR MAYOR DE OTROS PRODUCTOS N.C.P.;0.3
CLINICA SAN JUAN DE DIOS;4690;COMERCIO AL POR MAYOR NO ESPECIALIZADO;0.3
CLINICA SAN JUAN DE DIOS;4711;COMERCIO AL POR MENOR EN ESTABLECIMIENTOS NO ESPECIALIZADOS CON SURTIDO COMPUESTO PRINCIPALMENTE POR ALIMENTOS BEBIDAS O TABACO;0.3
CLINICA SAN JUAN DE DIOS;4719;COMERCIO AL POR MENOR EN ESTABLECIMIENTOS NO ESPECIALIZADOS CON SURTIDO COMPUESTO PRINCIPALMENTE POR PRODUCTOS DIFERENTES DE ALIMENTOS (V&Iacute&VERES EN GENERAL) BEBIDAS Y TABACO;0.3
CLINICA SAN JUAN DE DIOS;4721;COMERCIO AL POR MENOR DE PRODUCTOS AGR&Iacute&COLAS PARA EL CONSUMO EN ESTABLECIMIENTOS ESPECIALIZADOS;0.3
CLINICA SAN JUAN DE DIOS;4722;COMERCIO AL POR MENOR DE LECHE PRODUCTOS L&Aacute&CTEOS Y HUEVOS EN ESTABLECIMIENTOS ESPECIALIZADOS;0.3
CLINICA SAN JUAN DE DIOS;4723;COMERCIO AL POR MENOR DE CARNES (INCLUYE AVES DE CORRAL) PRODUCTOS C&Aacute&RNICOS PESCADOS Y PRODUCTOS DE MAR EN ESTABLECIMIENTOS ESPECIALIZADOS;0.3
CLINICA SAN JUAN DE DIOS;4724;COMERCIO AL POR MENOR DE BEBIDAS Y PRODUCTOS DEL TABACO EN ESTABLECIMIENTOS ESPECIALIZADOS;0.3
CLINICA SAN JUAN DE DIOS;4729;COMERCIO AL POR MENOR DE OTROS PRODUCTOS ALIMENTICIOS N.C.P. EN ESTABLECIMIENTOS ESPECIALIZADOS;0.3
CLINICA SAN JUAN DE DIOS;4731;COMERCIO AL POR MENOR DE COMBUSTIBLE PARA AUTOMOTORES;0.3
CLINICA SAN JUAN DE DIOS;4732;COMERCIO AL POR MENOR DE LUBRICANTES (ACEITES GRASAS) ADITIVOS Y PRODUCTOS DE LIMPIEZA PARA VEH&Iacute&CULOS AUTOMOTORES;0.3
CLINICA SAN JUAN DE DIOS;4741;COMERCIO AL POR MENOR DE COMPUTADORES EQUIPOS PERIF&Eacute&RICOS PROGRAMAS DE INFORM&Aacute&TICA Y EQUIPOS DE TELECOMUNICACIONES EN ESTABLECIMIENTOS ESPECIALIZADOS;0.3
CLINICA SAN JUAN DE DIOS;4742;COMERCIO AL POR MENOR DE EQUIPOS Y APARATOS DE SONIDO Y DE VIDEO EN ESTABLECIMIENTOS ESPECIALIZADOS;0.3
CLINICA SAN JUAN DE DIOS;4751;COMERCIO AL POR MENOR DE PRODUCTOS TEXTILES EN ESTABLECIMIENTOS ESPECIALIZADOS;0.3
CLINICA SAN JUAN DE DIOS;4752;COMERCIO AL POR MENOR DE ART&Iacute&CULOS DE FERRETER&Iacute&A PINTURAS Y PRODUCTOS DE VIDRIO EN ESTABLECIMIENTOS ESPECIALIZADOS;0.3
CLINICA SAN JUAN DE DIOS;4753;COMERCIO AL POR MENOR DE TAPICES ALFOMBRAS Y CUBRIMIENTOS PARA PAREDES Y PISOS EN ESTABLECIMIENTOS ESPECIALIZADOS;0.3
CLINICA SAN JUAN DE DIOS;4754;COMERCIO AL POR MENOR DE ELECTRODOM&Eacute&STICOS Y GASODOM&Eacute&STICOS DE USO DOM&Eacute&STICO MUEBLES Y EQUIPOS DE ILUMINACI&Oacute&N;0.3
CLINICA SAN JUAN DE DIOS;4755;COMERCIO AL POR MENOR DE ART&Iacute&CULOS Y UTENSILIOS DE USO DOM&Eacute&STICO;0.3
CLINICA SAN JUAN DE DIOS;4759;COMERCIO AL POR MENOR DE OTROS ART&Iacute&CULOS DOM&Eacute&STICOS EN ESTABLECIMIENTOS ESPECIALIZADOS;0.3
CLINICA SAN JUAN DE DIOS;4761;COMERCIO AL POR MENOR DE LIBROS PERI&Oacute&DICOS MATERIALES Y ART&Iacute&CULOS DE PAPELER&Iacute&A Y ESCRITORIO EN ESTABLECIMIENTOS ESPECIALIZADOS;0.3
CLINICA SAN JUAN DE DIOS;4762;COMERCIO AL POR MENOR DE ART&Iacute&CULOS DEPORTIVOS EN ESTABLECIMIENTOS ESPECIALIZADOS;0.3
CLINICA SAN JUAN DE DIOS;4769;COMERCIO AL POR MENOR DE OTROS ART&Iacute&CULOS CULTURALES Y DE ENTRETENIMIENTO N.C.P. EN ESTABLECIMIENTOS ESPECIALIZADOS;0.3
CLINICA SAN JUAN DE DIOS;4771;COMERCIO AL POR MENOR DE PRENDAS DE VESTIR Y SUS ACCESORIOS (INCLUYE ART&Iacute&CULOS DE PIEL) EN ESTABLECIMIENTOS ESPECIALIZADOS;0.3
CLINICA SAN JUAN DE DIOS;4772;COMERCIO AL POR MENOR DE TODO TIPO DE CALZADO Y ART&Iacute&CULOS DE CUERO Y SUCED&Aacute&NEOS DEL CUERO EN ESTABLECIMIENTOS ESPECIALIZADOS.;0.3
CLINICA SAN JUAN DE DIOS;4773;COMERCIO AL POR MENOR DE PRODUCTOS FARMAC&Eacute&UTICOS Y MEDICINALES COSM&Eacute&TICOS Y ART&Iacute&CULOS DE TOCADOR EN ESTABLECIMIENTOS ESPECIALIZADOS;0.3
CLINICA SAN JUAN DE DIOS;4774;COMERCIO AL POR MENOR DE OTROS PRODUCTOS NUEVOS EN ESTABLECIMIENTOS ESPECIALIZADOS;0.3
CLINICA SAN JUAN DE DIOS;4775;COMERCIO AL POR MENOR DE ART&Iacute&CULOS DE SEGUNDA MANO;0.3
CLINICA SAN JUAN DE DIOS;4781;COMERCIO AL POR MENOR DE ALIMENTOS BEBIDAS Y TABACO EN PUESTOS DE VENTA M&Oacute&VILES;0.3
CLINICA SAN JUAN DE DIOS;4782;COMERCIO AL POR MENOR DE PRODUCTOS TEXTILES PRENDAS DE VESTIR Y CALZADO EN PUESTOS DE VENTA M&Oacute&VILES;0.3
CLINICA SAN JUAN DE DIOS;4789;COMERCIO AL POR MENOR DE OTROS PRODUCTOS EN PUESTOS DE VENTA M&Oacute&VILES;0.3
CLINICA SAN JUAN DE DIOS;4791;COMERCIO AL POR MENOR REALIZADO A TRAV&Eacute&S DE INTERNET;0.3
CLINICA SAN JUAN DE DIOS;4792;COMERCIO AL POR MENOR REALIZADO A TRAV&Eacute&S DE CASAS DE VENTA O POR CORREO;0.3
CLINICA SAN JUAN DE DIOS;4799;OTROS TIPOS DE COMERCIO AL POR MENOR NO REALIZADO EN ESTABLECIMIENTOS PUESTOS DE VENTA O MERCADOS.;0.3
CLINICA SAN JUAN DE DIOS;4911;TRANSPORTE F&Eacute&RREO DE PASAJEROS;0.6
CLINICA SAN JUAN DE DIOS;4912;TRANSPORTE F&Eacute&RREO DE CARGA;0.6
CLINICA SAN JUAN DE DIOS;4921;TRANSPORTE DE PASAJEROS;0.6
CLINICA SAN JUAN DE DIOS;4922;TRANSPORTE MIXTO;0.6
CLINICA SAN JUAN DE DIOS;4923;TRANSPORTE DE CARGA POR CARRETERA;0.6
CLINICA SAN JUAN DE DIOS;4930;TRANSPORTE POR TUBER&Iacute&AS;0.6
CLINICA SAN JUAN DE DIOS;5011;TRANSPORTE DE PASAJEROS MAR&Iacute&TIMO Y DE CABOTAJE;0.6
CLINICA SAN JUAN DE DIOS;5012;TRANSPORTE DE CARGA MAR&Iacute&TIMO Y DE CABOTAJE;0.6
CLINICA SAN JUAN DE DIOS;5021;TRANSPORTE FLUVIAL DE PASAJEROS;0.6
CLINICA SAN JUAN DE DIOS;5022;TRANSPORTE FLUVIAL DE CARGA;0.6
CLINICA SAN JUAN DE DIOS;5111;TRANSPORTE A&Eacute&REO NACIONAL DE PASAJEROS;0.6
CLINICA SAN JUAN DE DIOS;5112;TRANSPORTE A&Eacute&REO INTERNACIONAL DE PASAJEROS;0.6
CLINICA SAN JUAN DE DIOS;5121;TRANSPORTE A&Eacute&REO NACIONAL DE CARGA;0.6
CLINICA SAN JUAN DE DIOS;5122;TRANSPORTE A&Eacute&REO INTERNACIONAL DE CARGA;0.6
CLINICA SAN JUAN DE DIOS;5210;ALMACENAMIENTO Y DEP&Oacute&SITO;0.6
CLINICA SAN JUAN DE DIOS;5221;ACTIVIDADES DE ESTACIONES V&Iacute&AS Y SERVICIOS COMPLEMENTARIOS PARA EL TRANSPORTE TERRESTRE;0.6
CLINICA SAN JUAN DE DIOS;5222;ACTIVIDADES DE PUERTOS Y SERVICIOS COMPLEMENTARIOS PARA EL TRANSPORTE ACU&Aacute&TICO;0.6
CLINICA SAN JUAN DE DIOS;5223;ACTIVIDADES DE AEROPUERTOS SERVICIOS DE NAVEGACI&Oacute&N A&Eacute&REA Y DEM&Aacute&S ACTIVIDADES CONEXAS AL TRANSPORTE A&Eacute&REO;0.6
CLINICA SAN JUAN DE DIOS;5224;MANIPULACI&Oacute&N DE CARGA;0.6
CLINICA SAN JUAN DE DIOS;5229;OTRAS ACTIVIDADES COMPLEMENTARIAS AL TRANSPORTE;0.6
CLINICA SAN JUAN DE DIOS;5310;ACTIVIDADES POSTALES NACIONALES;0.6
CLINICA SAN JUAN DE DIOS;5320;ACTIVIDADES DE MENSAJER&Iacute&A;0.6
CLINICA SAN JUAN DE DIOS;5511;ALOJAMIENTO EN HOTELES;0.6
CLINICA SAN JUAN DE DIOS;5512;ALOJAMIENTO EN APARTAHOTELES;0.6
CLINICA SAN JUAN DE DIOS;5513;ALOJAMIENTO EN CENTROS VACACIONALES;0.6
CLINICA SAN JUAN DE DIOS;5514;ALOJAMIENTO RURAL;0.6
CLINICA SAN JUAN DE DIOS;5519;OTROS TIPOS DE ALOJAMIENTOS PARA VISITANTES;0.6
CLINICA SAN JUAN DE DIOS;5520;ACTIVIDADES DE ZONAS DE CAMPING Y PARQUES PARA VEH&Iacute&CULOS RECREACIONALES;0.6
CLINICA SAN JUAN DE DIOS;5530;SERVICIO POR HORAS;0.6
CLINICA SAN JUAN DE DIOS;5590;OTROS TIPOS DE ALOJAMIENTO N.C.P.;0.6
CLINICA SAN JUAN DE DIOS;5611;EXPENDIO A LA MESA DE COMIDAS PREPARADAS;0.6
CLINICA SAN JUAN DE DIOS;5612;EXPENDIO POR AUTOSERVICIO DE COMIDAS PREPARADAS;0.6
CLINICA SAN JUAN DE DIOS;5613;EXPENDIO DE COMIDAS PREPARADAS EN CAFETER&Iacute&AS;0.6
CLINICA SAN JUAN DE DIOS;5619;OTROS TIPOS DE EXPENDIO DE COMIDAS PREPARADAS N.C.P.;0.6
CLINICA SAN JUAN DE DIOS;5621;CATERING PARA EVENTOS;0.6
CLINICA SAN JUAN DE DIOS;5629;ACTIVIDADES DE OTROS SERVICIOS DE COMIDAS;0.6
CLINICA SAN JUAN DE DIOS;5630;EXPENDIO DE BEBIDAS ALCOH&Oacute&LICAS PARA EL CONSUMO DENTRO DEL ESTABLECIMIENTO;0.6
CLINICA SAN JUAN DE DIOS;5811;EDICI&Oacute&N DE LIBROS;0.6
CLINICA SAN JUAN DE DIOS;5812;EDICI&Oacute&N DE DIRECTORIOS Y LISTAS DE CORREO;0.6
CLINICA SAN JUAN DE DIOS;5813;EDICI&Oacute&N DE PERI&Oacute&DICOS REVISTAS Y OTRAS PUBLICACIONES PERI&Oacute&DICAS;0.6
CLINICA SAN JUAN DE DIOS;5819;OTROS TRABAJOS DE EDICI&Oacute&N;0.6
CLINICA SAN JUAN DE DIOS;5820;EDICI&Oacute&N DE PROGRAMAS DE INFORM&Aacute&TICA (SOFTWARE);0.6
CLINICA SAN JUAN DE DIOS;5911;ACTIVIDADES DE PRODUCCI&Oacute&N DE PEL&Iacute&CULAS CINEMATOGR&Aacute&FICAS VIDEOS PROGRAMAS ANUNCIOS Y COMERCIALES DE TELEVISI&Oacute&N;0.6
CLINICA SAN JUAN DE DIOS;5912;ACTIVIDADES DE POSPRODUCCI&Oacute&N DE PEL&Iacute&CULAS CINEMATOGR&Aacute&FICAS VIDEOS PROGRAMAS ANUNCIOS Y COMERCIALES DE TELEVISI&Oacute&N;0.6
CLINICA SAN JUAN DE DIOS;5913;ACTIVIDADES DE DISTRIBUCI&Oacute&N DE PEL&Iacute&CULAS CINEMATOGR&Aacute&FICAS VIDEOS PROGRAMAS ANUNCIOS Y COMERCIALES DE TELEVISI&Oacute&N;0.6
CLINICA SAN JUAN DE DIOS;5914;ACTIVIDADES DE EXHIBICI&Oacute&N DE PEL&Iacute&CULAS CINEMATOGR&Aacute&FICAS Y VIDEOS;0.6
CLINICA SAN JUAN DE DIOS;5920;ACTIVIDADES DE GRABACI&Oacute&N DE SONIDO Y EDICI&Oacute&N DE M&Uacute&SICA;0.6
CLINICA SAN JUAN DE DIOS;6010;ACTIVIDADES DE PROGRAMACI&Oacute&N Y TRANSMISI&Oacute&N EN EL SERVICIO DE RADIODIFUSI&Oacute&N SONORA;0.6
CLINICA SAN JUAN DE DIOS;6020;ACTIVIDADES DE PROGRAMACI&Oacute&N Y TRANSMISI&Oacute&N DE TELEVISI&Oacute&N;0.6
CLINICA SAN JUAN DE DIOS;6110;ACTIVIDADES DE TELECOMUNICACIONES AL&Aacute&MBRICAS;0.6
CLINICA SAN JUAN DE DIOS;6120;ACTIVIDADES DE TELECOMUNICACIONES INAL&Aacute&MBRICAS;0.6
CLINICA SAN JUAN DE DIOS;6130;ACTIVIDADES DE TELECOMUNICACI&Oacute&N SATELITAL;0.6
CLINICA SAN JUAN DE DIOS;6190;OTRAS ACTIVIDADES DE TELECOMUNICACIONES;0.6
CLINICA SAN JUAN DE DIOS;6201;ACTIVIDADES DE DESARROLLO DE SISTEMAS INFORM&Aacute&TICOS (PLANIFICACI&Oacute&N AN&Aacute&LISIS DISE&Ntilde&O PROGRAMACI&Oacute&N PRUEBAS);0.6
CLINICA SAN JUAN DE DIOS;6202;ACTIVIDADES DE CONSULTOR&Iacute&A INFORM&Aacute&TICA Y ACTIVIDADES DE ADMINISTRACI&Oacute&N DE INSTALACIONES INFORM&Aacute&TICAS;0.6
CLINICA SAN JUAN DE DIOS;6209;OTRAS ACTIVIDADES DE TECNOLOG&Iacute&AS DE INFORMACI&Oacute&N Y ACTIVIDADES DE SERVICIOS INFORM&Aacute&TICOS;0.6
CLINICA SAN JUAN DE DIOS;6311;PROCESAMIENTO DE DATOS ALOJAMIENTO (HOSTING) Y ACTIVIDADES RELACIONADAS;0.6
CLINICA SAN JUAN DE DIOS;6312;PORTALES WEB;0.6
CLINICA SAN JUAN DE DIOS;6391;ACTIVIDADES DE AGENCIAS DE NOTICIAS;0.6
CLINICA SAN JUAN DE DIOS;6399;OTRAS ACTIVIDADES DE SERVICIO DE INFORMACI&Oacute&N N.C.P.;0.6
CLINICA SAN JUAN DE DIOS;6411;BANCO CENTRAL;0.6
CLINICA SAN JUAN DE DIOS;6412;BANCOS COMERCIALES;0.6
CLINICA SAN JUAN DE DIOS;6421;ACTIVIDADES DE LAS CORPORACIONES FINANCIERAS;0.6
CLINICA SAN JUAN DE DIOS;6422;ACTIVIDADES DE LAS COMPA&Ntilde&&Iacute&AS DE FINANCIAMIENTO;0.6
CLINICA SAN JUAN DE DIOS;6423;BANCA DE SEGUNDO PISO;0.6
CLINICA SAN JUAN DE DIOS;6424;ACTIVIDADES DE LAS COOPERATIVAS FINANCIERAS;0.6
CLINICA SAN JUAN DE DIOS;6431;FIDEICOMISOS FONDOS Y ENTIDADES FINANCIERAS SIMILARES;0.6
CLINICA SAN JUAN DE DIOS;6432;FONDOS DE CESANT&Iacute&AS;0.6
CLINICA SAN JUAN DE DIOS;6491;LEASING FINANCIERO (ARRENDAMIENTO FINANCIERO);0.6
CLINICA SAN JUAN DE DIOS;6492;ACTIVIDADES FINANCIERAS DE FONDOS DE EMPLEADOS Y OTRAS FORMAS ASOCIATIVAS DEL SECTOR SOLIDARIO;0.6
CLINICA SAN JUAN DE DIOS;6493;ACTIVIDADES DE COMPRA DE CARTERA O FACTORING;0.6
CLINICA SAN JUAN DE DIOS;6494;OTRAS ACTIVIDADES DE DISTRIBUCI&Oacute&N DE FONDOS;0.6
CLINICA SAN JUAN DE DIOS;6495;INSTITUCIONES ESPECIALES OFICIALES;0.6
CLINICA SAN JUAN DE DIOS;6499;OTRAS ACTIVIDADES DE SERVICIO FINANCIERO EXCEPTO LAS DE SEGUROS Y PENSIONES N.C.P.;0.6
CLINICA SAN JUAN DE DIOS;6511;SEGUROS GENERALES;0.6
CLINICA SAN JUAN DE DIOS;6512;SEGUROS DE VIDA;0.6
CLINICA SAN JUAN DE DIOS;6513;REASEGUROS;0.6
CLINICA SAN JUAN DE DIOS;6514;CAPITALIZACI&Oacute&N;0.6
CLINICA SAN JUAN DE DIOS;6521;SERVICIOS DE SEGUROS SOCIALES DE SALUD;0.6
CLINICA SAN JUAN DE DIOS;6522;SERVICIOS DE SEGUROS SOCIALES DE RIESGOS PROFESIONALES;0.6
CLINICA SAN JUAN DE DIOS;6531;R&Eacute&GIMEN DE PRIMA MEDIA CON PRESTACI&Oacute&N DEFINIDA (RPM);0.6
CLINICA SAN JUAN DE DIOS;6532;R&Eacute&GIMEN DE AHORRO INDIVIDUAL (RAI);0.6
CLINICA SAN JUAN DE DIOS;6611;ADMINISTRACI&Oacute&N DE MERCADOS FINANCIEROS;0.6
CLINICA SAN JUAN DE DIOS;6612;CORRETAJE DE VALORES Y DE CONTRATOS DE PRODUCTOS B&Aacute&SICOS;0.6
CLINICA SAN JUAN DE DIOS;6613;OTRAS ACTIVIDADES RELACIONADAS CON EL MERCADO DE VALORES;0.6
CLINICA SAN JUAN DE DIOS;6614;ACTIVIDADES DE LAS CASAS DE CAMBIO;0.6
CLINICA SAN JUAN DE DIOS;6615;ACTIVIDADES DE LOS PROFESIONALES DE COMPRA Y VENTA DE DIVISAS;0.6
CLINICA SAN JUAN DE DIOS;6619;OTRAS ACTIVIDADES AUXILIARES DE LAS ACTIVIDADES DE SERVICIOS FINANCIEROS N.C.P.;0.6
CLINICA SAN JUAN DE DIOS;6621;ACTIVIDADES DE AGENTES Y CORREDORES DE SEGUROS;0.6
CLINICA SAN JUAN DE DIOS;6629;EVALUACI&Oacute&N DE RIESGOS Y DA&Ntilde&OS Y OTRAS ACTIVIDADES DE SERVICIOS AUXILIARES;0.6
CLINICA SAN JUAN DE DIOS;6630;ACTIVIDADES DE ADMINISTRACI&Oacute&N DE FONDOS;0.6
CLINICA SAN JUAN DE DIOS;6810;ACTIVIDADES INMOBILIARIAS REALIZADAS CON BIENES PROPIOS O ARRENDADOS;0.6
CLINICA SAN JUAN DE DIOS;6820;ACTIVIDADES INMOBILIARIAS REALIZADAS A CAMBIO DE UNA RETRIBUCI&Oacute&N O POR CONTRATA;0.6
CLINICA SAN JUAN DE DIOS;6910;ACTIVIDADES JUR&Iacute&DICAS;0.6
CLINICA SAN JUAN DE DIOS;6920;ACTIVIDADES DE CONTABILIDAD TENEDUR&Iacute&A DE LIBROS AUDITOR&Iacute&A FINANCIERA Y ASESOR&Iacute&A TRIBUTARIA;0.6
CLINICA SAN JUAN DE DIOS;7010;ACTIVIDADES DE ADMINISTRACI&Oacute&N EMPRESARIAL;0.6
CLINICA SAN JUAN DE DIOS;7020;ACTIVIDADES DE CONSULTOR&Iacute&A DE GESTI&Oacute&N;0.6
CLINICA SAN JUAN DE DIOS;7110;ACTIVIDADES DE ARQUITECTURA E INGENIER&Iacute&A Y OTRAS ACTIVIDADES CONEXAS DE CONSULTOR&Iacute&A T&Eacute&CNICA;0.6
CLINICA SAN JUAN DE DIOS;7120;ENSAYOS Y AN&Aacute&LISIS T&Eacute&CNICOS;0.6
CLINICA SAN JUAN DE DIOS;7210;INVESTIGACIONES Y DESARROLLO EXPERIMENTAL EN EL CAMPO DE LAS CIENCIAS NATURALES Y LA INGENIER&Iacute&A;0.6
CLINICA SAN JUAN DE DIOS;7220;INVESTIGACIONES Y DESARROLLO EXPERIMENTAL EN EL CAMPO DE LAS CIENCIAS SOCIALES Y LAS HUMANIDADES;0.6
CLINICA SAN JUAN DE DIOS;7310;PUBLICIDAD;0.6
CLINICA SAN JUAN DE DIOS;7320;ESTUDIOS DE MERCADO Y REALIZACI&Oacute&N DE ENCUESTAS DE OPINI&Oacute&N P&Uacute&BLICA;0.6
CLINICA SAN JUAN DE DIOS;7410;ACTIVIDADES ESPECIALIZADAS DE DISE&Ntilde&O;0.6
CLINICA SAN JUAN DE DIOS;7420;ACTIVIDADES DE FOTOGRAF&Iacute&A;0.6
CLINICA SAN JUAN DE DIOS;7490;OTRAS ACTIVIDADES PROFESIONALES CIENT&Iacute&FICAS Y T&Eacute&CNICAS N.C.P.;0.6
CLINICA SAN JUAN DE DIOS;7500;ACTIVIDADES VETERINARIAS;0.6
CLINICA SAN JUAN DE DIOS;7710;ALQUILER Y ARRENDAMIENTO DE VEH&Iacute&CULOS AUTOMOTORES;0.6
CLINICA SAN JUAN DE DIOS;7721;ALQUILER Y ARRENDAMIENTO DE EQUIPO RECREATIVO Y DEPORTIVO;0.6
CLINICA SAN JUAN DE DIOS;7722;ALQUILER DE VIDEOS Y DISCOS;0.6
CLINICA SAN JUAN DE DIOS;7729;ALQUILER Y ARRENDAMIENTO DE OTROS EFECTOS PERSONALES Y ENSERES DOM&Eacute&STICOS N.C.P.;0.6
CLINICA SAN JUAN DE DIOS;7730;ALQUILER Y ARRENDAMIENTO DE OTROS TIPOS DE MAQUINARIA EQUIPO Y BIENES TANGIBLES N.C.P.;0.6
CLINICA SAN JUAN DE DIOS;7740;ARRENDAMIENTO DE PROPIEDAD INTELECTUAL Y PRODUCTOS SIMILARES EXCEPTO OBRAS PROTEGIDAS POR DERECHOS DE AUTOR;0.6
CLINICA SAN JUAN DE DIOS;7810;ACTIVIDADES DE AGENCIAS DE EMPLEO;0.6
CLINICA SAN JUAN DE DIOS;7820;ACTIVIDADES DE AGENCIAS DE EMPLEO TEMPORAL;0.6
CLINICA SAN JUAN DE DIOS;7830;OTRAS ACTIVIDADES DE SUMINISTRO DE RECURSO HUMANO;0.6
CLINICA SAN JUAN DE DIOS;7911;ACTIVIDADES DE LAS AGENCIAS DE VIAJE;0.6
CLINICA SAN JUAN DE DIOS;7912;ACTIVIDADES DE OPERADORES TUR&Iacute&STICOS;0.6
CLINICA SAN JUAN DE DIOS;7990;OTROS SERVICIOS DE RESERVA Y ACTIVIDADES RELACIONADAS;0.6
CLINICA SAN JUAN DE DIOS;8010;ACTIVIDADES DE SEGURIDAD PRIVADA;0.6
CLINICA SAN JUAN DE DIOS;8020;ACTIVIDADES DE SERVICIOS DE SISTEMAS DE SEGURIDAD;0.6
CLINICA SAN JUAN DE DIOS;8030;ACTIVIDADES DE DETECTIVES E INVESTIGADORES PRIVADOS;0.6
CLINICA SAN JUAN DE DIOS;8110;ACTIVIDADES COMBINADAS DE APOYO A INSTALACIONES;0.6
CLINICA SAN JUAN DE DIOS;8121;LIMPIEZA GENERAL INTERIOR DE EDIFICIOS;0.6
CLINICA SAN JUAN DE DIOS;8129;OTRAS ACTIVIDADES DE LIMPIEZA DE EDIFICIOS E INSTALACIONES INDUSTRIALES;0.6
CLINICA SAN JUAN DE DIOS;8130;ACTIVIDADES DE PAISAJISMO Y SERVICIOS DE MANTENIMIENTO CONEXOS;0.6
CLINICA SAN JUAN DE DIOS;8211;ACTIVIDADES COMBINADAS DE SERVICIOS ADMINISTRATIVOS DE OFICINA;0.6
CLINICA SAN JUAN DE DIOS;8219;FOTOCOPIADO PREPARACI&Oacute&N DE DOCUMENTOS Y OTRAS ACTIVIDADES ESPECIALIZADAS DE APOYO A OFICINA;0.6
CLINICA SAN JUAN DE DIOS;8220;ACTIVIDADES DE CENTROS DE LLAMADAS (CALL CENTER);0.6
CLINICA SAN JUAN DE DIOS;8230;ORGANIZACI&Oacute&N DE CONVENCIONES Y EVENTOS COMERCIALES;0.6
CLINICA SAN JUAN DE DIOS;8291;ACTIVIDADES DE AGENCIAS DE COBRANZA Y OFICINAS DE CALIFICACI&Oacute&N CREDITICIA;0.6
CLINICA SAN JUAN DE DIOS;8292;ACTIVIDADES DE ENVASE Y EMPAQUE;0.6
CLINICA SAN JUAN DE DIOS;8299;OTRAS ACTIVIDADES DE SERVICIO DE APOYO A LAS EMPRESAS N.C.P.;0.6
CLINICA SAN JUAN DE DIOS;8411;ACTIVIDADES LEGISLATIVAS DE LA ADMINISTRACI&Oacute&N P&Uacute&BLICA;0.6
CLINICA SAN JUAN DE DIOS;8412;ACTIVIDADES EJECUTIVAS DE LA ADMINISTRACI&Oacute&N P&Uacute&BLICA;0.6
CLINICA SAN JUAN DE DIOS;8413;REGULACI&Oacute&N DE LAS ACTIVIDADES DE ORGANISMOS QUE PRESTAN SERVICIOS DE SALUD EDUCATIVOS CULTURALES Y OTROS SERVICIOS SOCIALES EXCEPTO SERVICIOS DE SEGURIDAD SOCIAL;0.6
CLINICA SAN JUAN DE DIOS;8414;ACTIVIDADES REGULADORAS Y FACILITADORAS DE LA ACTIVIDAD ECON&Oacute&MICA;0.6
CLINICA SAN JUAN DE DIOS;8415;ACTIVIDADES DE LOS OTROS &Oacute&RGANOS DE CONTROL;0.6
CLINICA SAN JUAN DE DIOS;8421;RELACIONES EXTERIORES;0.6
CLINICA SAN JUAN DE DIOS;8422;ACTIVIDADES DE DEFENSA;0.6
CLINICA SAN JUAN DE DIOS;8423;ORDEN P&Uacute&BLICO Y ACTIVIDADES DE SEGURIDAD;0.6
CLINICA SAN JUAN DE DIOS;8424;ADMINISTRACI&Oacute&N DE JUSTICIA;0.6
CLINICA SAN JUAN DE DIOS;8430;ACTIVIDADES DE PLANES DE SEGURIDAD SOCIAL DE AFILIACI&Oacute&N OBLIGATORIA;0.6
CLINICA SAN JUAN DE DIOS;8511;EDUCACI&Oacute&N DE LA PRIMERA INFANCIA;0.6
CLINICA SAN JUAN DE DIOS;8512;EDUCACI&Oacute&N PREESCOLAR;0.6
CLINICA SAN JUAN DE DIOS;8513;EDUCACI&Oacute&N B&Aacute&SICA PRIMARIA;0.6
CLINICA SAN JUAN DE DIOS;8521;EDUCACI&Oacute&N B&Aacute&SICA SECUNDARIA;0.6
CLINICA SAN JUAN DE DIOS;8522;EDUCACI&Oacute&N MEDIA ACAD&Eacute&MICA;0.6
CLINICA SAN JUAN DE DIOS;8523;EDUCACI&Oacute&N MEDIA T&Eacute&CNICA Y DE FORMACI&Oacute&N LABORAL;0.6
CLINICA SAN JUAN DE DIOS;8530;ESTABLECIMIENTOS QUE COMBINAN DIFERENTES NIVELES DE EDUCACI&Oacute&N;0.6
CLINICA SAN JUAN DE DIOS;8541;EDUCACI&Oacute&N T&Eacute&CNICA PROFESIONAL;0.6
CLINICA SAN JUAN DE DIOS;8542;EDUCACI&Oacute&N TECNOL&Oacute&GICA;0.6
CLINICA SAN JUAN DE DIOS;8543;EDUCACI&Oacute&N DE INSTITUCIONES UNIVERSITARIAS O DE ESCUELAS TECNOL&Oacute&GICAS;0.6
CLINICA SAN JUAN DE DIOS;8544;EDUCACI&Oacute&N DE UNIVERSIDADES;0.6
CLINICA SAN JUAN DE DIOS;8551;FORMACI&Oacute&N ACAD&Eacute&MICA NO FORMAL;0.6
CLINICA SAN JUAN DE DIOS;8552;ENSE&Ntilde&ANZA DEPORTIVA Y RECREATIVA;0.6
CLINICA SAN JUAN DE DIOS;8553;ENSE&Ntilde&ANZA CULTURAL;0.6
CLINICA SAN JUAN DE DIOS;8559;OTROS TIPOS DE EDUCACI&Oacute&N N.C.P.;0.6
CLINICA SAN JUAN DE DIOS;8560;ACTIVIDADES DE APOYO A LA EDUCACI&Oacute&N;0.6
CLINICA SAN JUAN DE DIOS;8610;ACTIVIDADES DE HOSPITALES Y CL&Iacute&NICAS CON INTERNACI&Oacute&N;0.6
CLINICA SAN JUAN DE DIOS;8621;ACTIVIDADES DE LA PR&Aacute&CTICA M&Eacute&DICA SIN INTERNACI&Oacute&N;0.6
CLINICA SAN JUAN DE DIOS;8622;ACTIVIDADES DE LA PR&Aacute&CTICA ODONTOL&Oacute&GICA;0.6
CLINICA SAN JUAN DE DIOS;8691;ACTIVIDADES DE APOYO DIAGN&Oacute&STICO;0.6
CLINICA SAN JUAN DE DIOS;8692;ACTIVIDADES DE APOYO TERAP&Eacute&UTICO;0.6
CLINICA SAN JUAN DE DIOS;8699;OTRAS ACTIVIDADES DE ATENCI&Oacute&N DE LA SALUD HUMANA;0.6
CLINICA SAN JUAN DE DIOS;8710;ACTIVIDADES DE ATENCI&Oacute&N RESIDENCIAL MEDICALIZADA DE TIPO GENERAL;0.6
CLINICA SAN JUAN DE DIOS;8720;ACTIVIDADES DE ATENCI&Oacute&N RESIDENCIAL PARA EL CUIDADO DE PACIENTES CON RETARDO MENTAL ENFERMEDAD MENTAL Y CONSUMO DE SUSTANCIAS PSICOACTIVAS;0.6
CLINICA SAN JUAN DE DIOS;8730;ACTIVIDADES DE ATENCI&Oacute&N EN INSTITUCIONES PARA EL CUIDADO DE PERSONAS MAYORES Y/O DISCAPACITADAS;0.6
CLINICA SAN JUAN DE DIOS;8790;OTRAS ACTIVIDADES DE ATENCI&Oacute&N EN INSTITUCIONES CON ALOJAMIENTO;0.6
CLINICA SAN JUAN DE DIOS;8810;ACTIVIDADES DE ASISTENCIA SOCIAL SIN ALOJAMIENTO PARA PERSONAS MAYORES Y DISCAPACITADAS;0.6
CLINICA SAN JUAN DE DIOS;8890;OTRAS ACTIVIDADES DE ASISTENCIA SOCIAL SIN ALOJAMIENTO;0.6
CLINICA SAN JUAN DE DIOS;9001;CREACI&Oacute&N LITERARIA;0.6
CLINICA SAN JUAN DE DIOS;9002;CREACI&Oacute&N MUSICAL;0.6
CLINICA SAN JUAN DE DIOS;9003;CREACI&Oacute&N TEATRAL;0.6
CLINICA SAN JUAN DE DIOS;9004;CREACI&Oacute&N AUDIOVISUAL;0.6
CLINICA SAN JUAN DE DIOS;9005;ARTES PL&Aacute&STICAS Y VISUALES;0.6
CLINICA SAN JUAN DE DIOS;9006;ACTIVIDADES TEATRALES;0.6
CLINICA SAN JUAN DE DIOS;9007;ACTIVIDADES DE ESPECT&Aacute&CULOS MUSICALES EN VIVO;0.6
CLINICA SAN JUAN DE DIOS;9008;OTRAS ACTIVIDADES DE ESPECT&Aacute&CULOS EN VIVO;0.6
CLINICA SAN JUAN DE DIOS;9101;ACTIVIDADES DE BIBLIOTECAS Y ARCHIVOS;0.6
CLINICA SAN JUAN DE DIOS;9102;ACTIVIDADES Y FUNCIONAMIENTO DE MUSEOS CONSERVACI&Oacute&N DE EDIFICIOS Y SITIOS HIST&Oacute&RICOS;0.6
CLINICA SAN JUAN DE DIOS;9103;ACTIVIDADES DE JARDINES BOT&Aacute&NICOS ZOOL&Oacute&GICOS Y RESERVAS NATURALES;0.6
CLINICA SAN JUAN DE DIOS;9200;ACTIVIDADES DE JUEGOS DE AZAR Y APUESTAS;0.6
CLINICA SAN JUAN DE DIOS;9311;GESTI&Oacute&N DE INSTALACIONES DEPORTIVAS;0.6
CLINICA SAN JUAN DE DIOS;9312;ACTIVIDADES DE CLUBES DEPORTIVOS;0.6
CLINICA SAN JUAN DE DIOS;9319;OTRAS ACTIVIDADES DEPORTIVAS;0.6
CLINICA SAN JUAN DE DIOS;9321;ACTIVIDADES DE PARQUES DE ATRACCIONES Y PARQUES TEM&Aacute&TICOS;0.6
CLINICA SAN JUAN DE DIOS;9329;OTRAS ACTIVIDADES RECREATIVAS Y DE ESPARCIMIENTO N.C.P.;0.6
CLINICA SAN JUAN DE DIOS;9411;ACTIVIDADES DE ASOCIACIONES EMPRESARIALES Y DE EMPLEADORES;0.6
CLINICA SAN JUAN DE DIOS;9412;ACTIVIDADES DE ASOCIACIONES PROFESIONALES;0.6
CLINICA SAN JUAN DE DIOS;9420;ACTIVIDADES DE SINDICATOS DE EMPLEADOS;0.6
CLINICA SAN JUAN DE DIOS;9491;ACTIVIDADES DE ASOCIACIONES RELIGIOSAS;0.6
CLINICA SAN JUAN DE DIOS;9492;ACTIVIDADES DE ASOCIACIONES POL&Iacute&TICAS;0.6
CLINICA SAN JUAN DE DIOS;9499;ACTIVIDADES DE OTRAS ASOCIACIONES N.C.P.;0.6
CLINICA SAN JUAN DE DIOS;9511;MANTENIMIENTO Y REPARACI&Oacute&N DE COMPUTADORES Y DE EQUIPO PERIF&Eacute&RICO;0.6
CLINICA SAN JUAN DE DIOS;9512;MANTENIMIENTO Y REPARACI&Oacute&N DE EQUIPOS DE COMUNICACI&Oacute&N;0.6
CLINICA SAN JUAN DE DIOS;9521;MANTENIMIENTO Y REPARACI&Oacute&N DE APARATOS ELECTR&Oacute&NICOS DE CONSUMO;0.6
CLINICA SAN JUAN DE DIOS;9522;MANTENIMIENTO Y REPARACI&Oacute&N DE APARATOS Y EQUIPOS DOM&Eacute&STICOS Y DE JARDINER&Iacute&A;0.6
CLINICA SAN JUAN DE DIOS;9523;REPARACI&Oacute&N DE CALZADO Y ART&Iacute&CULOS DE CUERO;0.6
CLINICA SAN JUAN DE DIOS;9524;REPARACI&Oacute&N DE MUEBLES Y ACCESORIOS PARA EL HOGAR;0.6
CLINICA SAN JUAN DE DIOS;9529;MANTENIMIENTO Y REPARACI&Oacute&N DE OTROS EFECTOS PERSONALES Y ENSERES DOM&Eacute&STICOS;0.6
CLINICA SAN JUAN DE DIOS;9601;LAVADO Y LIMPIEZA INCLUSO LA LIMPIEZA EN SECO DE PRODUCTOS TEXTILES Y DE PIEL;0.6
CLINICA SAN JUAN DE DIOS;9602;PELUQUER&Iacute&A Y OTROS TRATAMIENTOS DE BELLEZA;0.6
CLINICA SAN JUAN DE DIOS;9603;POMPAS F&Uacute&NEBRES Y ACTIVIDADES RELACIONADAS;0.6
CLINICA SAN JUAN DE DIOS;9609;OTRAS ACTIVIDADES DE SERVICIOS PERSONALES N.C.P.;0.6
CLINICA SAN JUAN DE DIOS;9700;ACTIVIDADES DE LOS HOGARES INDIVIDUALES COMO EMPLEADORES DE PERSONAL DOM&Eacute&STICO;0.6
CLINICA SAN JUAN DE DIOS;9810;ACTIVIDADES NO DIFERENCIADAS DE LOS HOGARES INDIVIDUALES COMO PRODUCTORES DE BIENES PARA USO PROPIO;0.6
CLINICA SAN JUAN DE DIOS;9820;ACTIVIDADES NO DIFERENCIADAS DE LOS HOGARES INDIVIDUALES COMO PRODUCTORES DE SERVICIOS PARA USO PROPIO;0.6
CLINICA SAN JUAN DE DIOS;9900;ACTIVIDADES DE ORGANIZACIONES Y ENTIDADES EXTRATERRITORIALES;0.6
CLINICA SAN JUAN DE DIOS;000;SIN ACTIVIDAD ECONOMICA;0
